counter/1/20,28
counter/1/20,29
counter/1/20,30
counter/1/20,31
counter/1/20,32
counter/1/20,33
counter/1/20,34
counter/1/20,35
counter/1/20,36
counter/1/20,37
counter/1/20,38
counter/1/20,39
counter/1/20,40
counter/1/20,41
counter/1/20,42
counter/1/20,43
counter/1/20,44
counter/1/20,45
counter/1/20,46
counter/1/20,47
counter/1/20,48
counter/1/20,49
counter/1/20,50
counter/1/20,51
counter/1/20,52
counter/1/20,53
counter/1/20,54
counter/1/20,55
counter/1/20,56
counter/1/20,57
counter/1/20,58
counter/1/20,59
counter/1/20,60
counter/1/20,61
counter/1/20,62
counter/1/20,63
counter/1/20,64
counter/1/20,65
counter/1/20,66
counter/1/20,67
counter/1/20,68
counter/1/20,69
counter/1/20,70
counter/1/20,71
counter/1/20,72
counter/1/20,73
counter/1/20,74
counter/1/20,75
counter/1/20,76
counter/1/20,77
counter/1/20,78
counter/1/20,79
counter/1/20,80
counter/1/20,81
counter/1/20,82
counter/1/20,83
counter/1/20,84
counter/1/20,85
counter/1/20,86
counter/1/20,87
counter/1/20,88
counter/1/20,89
counter/1/20,90
counter/1/20,91
counter/1/20,92
counter/1/20,93
counter/1/20,94
counter/1/20,95
counter/1/20,96
counter/1/20,97
counter/1/20,98
counter/1/20,99
counter/1/20,100
counter/1/20,101
counter/1/20,102
counter/1/20,103
counter/1/20,104
counter/1/20,105
counter/1/20,106
counter/1/20,107
counter/1/20,108
counter/1/20,109
counter/1/20,110
counter/1/20,111
counter/1/20,112
counter/1/20,113
counter/1/20,114
counter/1/20,115
counter/1/20,116
counter/1/20,117
counter/1/20,118
counter/1/20,119
counter/1/20,120
counter/1/20,121
counter/1/20,122
counter/1/20,123
counter/1/20,124
counter/1/20,125
counter/1/20,126
counter/1/20,127
counter/1/20,128
counter/1/20,129
counter/1/20,130
counter/1/20,131
counter/1/20,132
counter/1/20,133
counter/1/20,134
counter/1/20,135
counter/1/20,136
counter/1/20,137
counter/1/20,138
counter/1/20,139
counter/1/20,140
counter/1/20,141
counter/1/20,142
counter/1/20,143
counter/1/20,144
counter/1/20,145
counter/1/20,146
counter/1/20,147
counter/1/20,148
counter/1/20,149
counter/1/20,150
counter/1/20,151
counter/1/20,152
counter/1/20,153
counter/1/20,154
counter/1/20,155
counter/1/20,156
counter/1/20,157
counter/1/20,158
counter/1/20,159
counter/1/20,160
counter/1/20,161
counter/1/20,162
counter/1/20,163
counter/1/20,164
counter/1/20,165
counter/1/20,166
counter/1/20,167
counter/1/20,168
counter/1/20,169
counter/1/20,170
counter/1/20,171
counter/1/20,172
counter/1/20,173
counter/1/20,174
counter/1/20,175
counter/1/20,176
counter/1/20,177
counter/1/20,178
counter/1/20,179
counter/1/20,180
counter/1/20,181
counter/1/20,182
counter/1/20,183
counter/1/20,184
counter/1/20,185
counter/1/20,186
counter/1/20,187
counter/1/20,188
counter/1/20,189
counter/1/20,190
counter/1/20,191
counter/1/20,192
counter/1/20,193
counter/1/20,194
counter/1/20,195
counter/1/20,196
counter/1/20,197
counter/1/20,198
counter/1/20,199
counter/1/20,200
counter/1/20,201
counter/1/20,202
counter/1/20,203
counter/1/20,204
counter/1/20,205
counter/1/20,206
counter/1/20,207
counter/1/20,208
counter/1/20,209
counter/1/20,210
counter/1/20,211
counter/1/20,212
counter/1/20,213
counter/1/20,214
counter/1/20,215
counter/1/20,216
counter/1/20,217
counter/1/20,218
counter/1/20,219
counter/1/20,220
counter/1/20,221
counter/1/20,222
counter/1/20,223
counter/1/20,224
counter/1/20,225
counter/1/20,226
counter/1/20,227
counter/1/20,228
counter/1/20,229
counter/1/20,230
counter/1/20,231
counter/1/20,232
counter/1/20,233
counter/1/20,234
counter/1/20,235
counter/1/20,236
counter/1/20,237
counter/1/20,238
counter/1/20,239
counter/1/20,240
counter/1/20,241
counter/1/20,242
counter/1/20,243
counter/1/20,244
counter/1/20,245
counter/1/20,246
counter/1/20,247
counter/1/20,248
counter/1/20,249
counter/1/20,250
counter/1/20,251
counter/1/20,252
counter/1/20,253
counter/1/20,254
counter/1/20,255
counter/1/20,256
counter/1/20,257
counter/1/20,258
counter/1/20,259
counter/1/20,260
counter/1/20,261
counter/1/20,262
counter/1/20,263
counter/1/20,264
counter/1/20,265
counter/1/20,266
counter/1/20,267
counter/1/20,268
counter/1/20,269
counter/1/20,270
counter/1/20,271
counter/1/20,272
counter/1/20,273
counter/1/20,274
counter/1/20,275
counter/1/20,276
counter/1/20,277
counter/1/20,278
counter/1/20,279
counter/1/20,280
counter/1/20,281
counter/1/20,282
counter/1/20,283
counter/1/20,284
counter/1/20,285
counter/1/20,286
counter/1/20,287
counter/1/20,288
counter/1/20,289
counter/1/20,290
counter/1/20,291
counter/1/20,292
counter/1/20,293
counter/1/20,294
counter/1/20,295
counter/1/20,296
counter/1/20,297
counter/1/20,298
counter/1/20,299
counter/1/20,300
counter/1/20,301
counter/1/20,302
counter/1/20,303
counter/1/20,304
counter/1/20,305
counter/1/20,306
counter/1/20,307
counter/1/20,308
counter/1/20,309
counter/1/20,310
counter/1/20,311
counter/1/20,312
counter/1/20,313
counter/1/20,314
counter/1/20,315
counter/1/20,316
counter/1/20,317
counter/1/20,318
counter/1/20,319
counter/1/20,320
counter/1/20,321
counter/1/20,322
counter/1/20,323
counter/1/20,324
counter/1/20,325
counter/1/20,326
counter/1/20,327
counter/1/20,328
counter/1/20,329
counter/1/20,330
counter/1/20,331
counter/1/20,332
counter/1/20,333
counter/1/20,334
counter/1/20,335
counter/1/20,336
counter/1/20,337
counter/1/20,338
counter/1/20,339
counter/1/20,340
counter/1/20,341
counter/1/20,342
counter/1/20,343
counter/1/20,344
counter/1/20,345
counter/1/20,346
counter/1/20,347
counter/1/20,348
counter/1/20,349
counter/1/20,350
counter/1/20,351
counter/1/20,352
counter/1/20,353
counter/1/20,354
counter/1/20,355
counter/1/20,356
counter/1/20,357
counter/1/20,358
counter/1/20,359
counter/1/20,360
counter/1/20,361
counter/1/20,362
counter/1/20,363
counter/1/20,364
counter/1/20,365
counter/1/20,366
counter/1/20,367
counter/1/20,368
counter/1/20,369
counter/1/20,370
counter/1/20,371
counter/1/20,372
counter/1/20,373
counter/1/20,374
counter/1/20,375
counter/1/20,376
counter/1/20,377
counter/1/20,378
counter/1/20,379
counter/1/20,380
counter/1/20,381
counter/1/20,382
counter/1/20,383
counter/1/20,384
counter/1/20,385
counter/1/20,386
counter/1/20,387
counter/1/20,388
counter/1/20,389
counter/1/20,390
counter/1/20,391
counter/1/20,392
counter/1/20,393
counter/1/20,394
counter/1/20,395
counter/1/20,396
counter/1/20,397
counter/1/20,398
counter/1/20,399
counter/1/20,400
counter/1/20,401
counter/1/20,402
counter/1/20,403
counter/1/20,404
counter/1/20,405
counter/1/20,406
counter/1/20,407
counter/1/20,408
counter/1/20,409
counter/1/20,410
counter/1/20,411
counter/1/20,412
counter/1/20,413
counter/1/20,414
counter/1/20,415
counter/1/20,416
counter/1/20,417
counter/1/20,418
counter/1/20,419
counter/1/20,420
counter/1/20,421
counter/1/20,422
counter/1/20,423
counter/1/20,424
counter/1/20,425
counter/1/20,426
counter/1/20,427
counter/1/20,428
counter/1/20,429
counter/1/20,430
counter/1/20,431
counter/1/20,432
counter/1/20,433
counter/1/20,434
counter/1/20,435
counter/1/20,436
counter/1/20,437
counter/1/20,438
counter/1/20,439
counter/1/20,440
counter/1/20,441
counter/1/20,442
counter/1/20,443
counter/1/20,444
counter/1/20,445
counter/1/20,446
counter/1/20,447
counter/1/20,448
counter/1/20,449
counter/1/20,450
counter/1/20,451
counter/1/20,452
counter/1/20,453
counter/1/20,454
counter/1/20,455
counter/1/20,456
counter/1/20,457
counter/1/20,458
counter/1/20,459
counter/1/20,460
counter/1/20,461
counter/1/20,462
counter/1/20,463
counter/1/20,464
counter/1/20,465
counter/1/20,466
counter/1/20,467
counter/1/20,468
counter/1/20,469
counter/1/20,470
counter/1/20,471
counter/1/20,472
counter/1/20,473
counter/1/20,474
counter/1/20,475
counter/1/20,476
counter/1/20,477
counter/1/20,478
counter/1/20,479
counter/1/20,480
counter/1/20,481
counter/1/20,482
counter/1/20,483
counter/1/20,484
counter/1/20,485
counter/1/20,486
counter/1/20,487
counter/1/20,488
counter/1/20,489
counter/1/20,490
counter/1/20,491
counter/1/20,492
counter/1/20,493
counter/1/20,494
counter/1/20,495
counter/1/20,496
counter/1/20,497
counter/1/20,498
counter/1/20,499
counter/1/20,500
counter/1/20,501
counter/1/20,502
counter/1/20,503
counter/1/20,504
counter/1/20,505
counter/1/20,506
counter/1/20,507
counter/1/20,508
counter/1/20,509
counter/1/20,510
counter/1/20,511
counter/1/20,512
counter/1/20,513
counter/1/20,514
counter/1/20,515
counter/1/20,516
counter/1/20,517
counter/1/20,518
counter/1/20,519
counter/1/20,520
counter/1/20,521
counter/1/20,522
counter/1/20,523
counter/1/20,524
counter/1/20,525
counter/1/20,526
counter/1/20,527
counter/1/20,528
counter/1/20,529
counter/1/20,530
counter/1/20,531
counter/1/20,532
counter/1/20,533
counter/1/20,534
counter/1/20,535
counter/1/20,536
counter/1/20,537
counter/1/20,538
counter/1/20,539
counter/1/20,540
counter/1/20,541
counter/1/20,542
counter/1/20,543
counter/1/20,544
counter/1/20,545
counter/1/20,546
counter/1/20,547
counter/1/20,548
counter/1/20,549
counter/1/20,550
counter/1/20,551
counter/1/20,552
counter/1/20,553
counter/1/20,554
counter/1/20,555
counter/1/20,556
counter/1/20,557
counter/1/20,558
counter/1/20,559
counter/1/20,560
counter/1/20,561
counter/1/20,562
counter/1/20,563
counter/1/20,564
counter/1/20,565
counter/1/20,566
counter/1/20,567
counter/1/20,568
counter/1/20,569
counter/1/20,570
counter/1/20,571
counter/1/20,572
counter/1/20,573
counter/1/20,574
counter/1/20,575
counter/1/20,576
counter/1/20,577
counter/1/20,578
counter/1/20,579
counter/1/20,580
counter/1/20,581
counter/1/20,582
counter/1/20,583
counter/1/20,584
counter/1/20,585
counter/1/20,586
counter/1/20,587
counter/1/20,588
counter/1/20,589
counter/1/20,590
counter/1/20,591
counter/1/20,592
counter/1/20,593
counter/1/20,594
counter/1/20,595
counter/1/20,596
counter/1/20,597
counter/1/20,598
counter/1/20,599
counter/1/20,600
counter/1/20,601
counter/1/20,602
counter/1/20,603
counter/1/20,604
counter/1/20,605
counter/1/20,606
counter/1/20,607
counter/1/20,608
counter/1/20,609
counter/1/20,610
counter/1/20,611
counter/1/20,612
counter/1/20,613
counter/1/20,614
counter/1/20,615
counter/1/20,616
counter/1/20,617
counter/1/20,618
counter/1/20,619
counter/1/20,620
counter/1/20,621
counter/1/20,622
counter/1/20,623
counter/1/20,624
counter/1/20,625
counter/1/20,626
counter/1/20,627
counter/1/20,628
counter/1/20,629
counter/1/20,630
counter/1/20,631
counter/1/20,632
counter/1/20,633
counter/1/20,634
counter/1/20,635
counter/1/20,636
counter/1/20,637
counter/1/20,638
counter/1/20,639
counter/1/20,640
counter/1/20,641
counter/1/20,642
counter/1/20,643
counter/1/20,644
counter/1/20,645
counter/1/20,646
counter/1/20,647
counter/1/20,648
counter/1/20,649
counter/1/20,650
counter/1/20,651
counter/1/20,652
counter/1/20,653
counter/1/20,654
counter/1/20,655
counter/1/20,656
counter/1/20,657
counter/1/20,658
counter/1/20,659
counter/1/20,660
counter/1/20,661
counter/1/20,662
counter/1/20,663
counter/1/20,664
counter/1/20,665
counter/1/20,666
counter/1/20,667
counter/1/20,668
counter/1/20,669
counter/1/20,670
counter/1/20,671
counter/1/20,672
counter/1/20,673
counter/1/20,674
counter/1/20,675
counter/1/20,676
counter/1/20,677
counter/1/20,678
counter/1/20,679
counter/1/20,680
counter/1/20,681
counter/1/20,682
counter/1/20,683
counter/1/20,684
counter/1/20,685
counter/1/20,686
counter/1/20,687
counter/1/20,688
counter/1/20,689
counter/1/20,690
counter/1/20,691
counter/1/20,692
counter/1/20,693
counter/1/20,694
counter/1/20,695
counter/1/20,696
counter/1/20,697
counter/1/20,698
counter/1/20,699
counter/1/20,700
counter/1/20,701
counter/1/20,702
counter/1/20,703
counter/1/20,704
counter/1/20,705
counter/1/20,706
counter/1/20,707
counter/1/20,708
counter/1/20,709
counter/1/20,710
counter/1/20,711
counter/1/20,712
counter/1/20,713
counter/1/20,714
counter/1/20,715
counter/1/20,716
counter/1/20,717
counter/1/20,718
counter/1/20,719
counter/1/20,720
counter/1/20,721
counter/1/20,722
counter/1/20,723
counter/1/20,724
counter/1/20,725
counter/1/20,726
counter/1/20,727
counter/1/20,728
counter/1/20,729
counter/1/20,730
counter/1/20,731
counter/1/20,732
counter/1/20,733
counter/1/20,734
counter/1/20,735
counter/1/20,736
counter/1/20,737
counter/1/20,738
counter/1/20,739
counter/1/20,740
counter/1/20,741
counter/1/20,742
counter/1/20,743
counter/1/20,744
counter/1/20,745
counter/1/20,746
counter/1/20,747
counter/1/20,748
counter/1/20,749
counter/1/20,750
counter/1/20,751
counter/1/20,752
counter/1/20,753
counter/1/20,754
counter/1/20,755
counter/1/20,756
counter/1/20,757
counter/1/20,758
counter/1/20,759
counter/1/20,760
counter/1/20,761
counter/1/20,762
counter/1/20,763
counter/1/20,764
counter/1/20,765
counter/1/20,766
counter/1/20,767
counter/1/20,768
counter/1/20,769
counter/1/20,770
counter/1/20,771
counter/1/20,772
counter/1/20,773
counter/1/20,774
counter/1/20,775
counter/1/20,776
counter/1/20,777
counter/1/20,778
counter/1/20,779
counter/1/20,780
counter/1/20,781
counter/1/20,782
counter/1/20,783
counter/1/20,784
counter/1/20,785
counter/1/20,786
counter/1/20,787
counter/1/20,788
counter/1/20,789
counter/1/20,790
counter/1/20,791
counter/1/20,792
counter/1/20,793
counter/1/20,794
counter/1/20,795
counter/1/20,796
counter/1/20,797
counter/1/20,798
counter/1/20,799
counter/1/20,800
counter/1/20,801
counter/1/20,802
counter/1/20,803
counter/1/20,804
counter/1/20,805
counter/1/20,806
counter/1/20,807
counter/1/20,808
counter/1/20,809
counter/1/20,810
counter/1/20,811
counter/1/20,812
counter/1/20,813
counter/1/20,814
counter/1/20,815
counter/1/20,816
counter/1/20,817
counter/1/20,818
counter/1/20,819
counter/1/20,820
counter/1/20,821
counter/1/20,822
counter/1/20,823
counter/1/20,824
counter/1/20,825
counter/1/20,826
counter/1/20,827
counter/1/20,828
counter/1/20,829
counter/1/20,830
counter/1/20,831
counter/1/20,832
counter/1/20,833
counter/1/20,834
counter/1/20,835
counter/1/20,836
counter/1/20,837
counter/1/20,838
counter/1/20,839
counter/1/20,840
counter/1/20,841
counter/1/20,842
counter/1/20,843
counter/1/20,844
counter/1/20,845
counter/1/20,846
counter/1/20,847
counter/1/20,848
counter/1/20,849
counter/1/20,850
counter/1/20,851
counter/1/20,852
counter/1/20,853
counter/1/20,854
counter/1/20,855
counter/1/20,856
counter/1/20,857
counter/1/20,858
counter/1/20,859
counter/1/20,860
counter/1/20,861
counter/1/20,862
counter/1/20,863
counter/1/20,864
counter/1/20,865
counter/1/20,866
counter/1/20,867
counter/1/20,868
counter/1/20,869
counter/1/20,870
counter/1/20,871
counter/1/20,872
counter/1/20,873
counter/1/20,874
counter/1/20,875
counter/1/20,876
counter/1/20,877
counter/1/20,878
counter/1/20,879
counter/1/20,880
counter/1/20,881
counter/1/20,882
counter/1/20,883
counter/1/20,884
counter/1/20,885
counter/1/20,886
counter/1/20,887
counter/1/20,888
counter/1/20,889
counter/1/20,890
counter/1/20,891
counter/1/20,892
counter/1/20,893
counter/1/20,894
counter/1/20,895
counter/1/20,896
counter/1/20,897
counter/1/20,898
counter/1/20,899
counter/1/20,900
counter/1/20,901
counter/1/20,902
counter/1/20,903
counter/1/20,904
counter/1/20,905
counter/1/20,906
counter/1/20,907
counter/1/20,908
counter/1/20,909
counter/1/20,910
counter/1/20,911
counter/1/20,912
counter/1/20,913
counter/1/20,914
counter/1/20,915
counter/1/20,916
counter/1/20,917
counter/1/20,918
counter/1/20,919
counter/1/20,920
counter/1/20,921
counter/1/20,922
counter/1/20,923
counter/1/20,924
counter/1/20,925
counter/1/20,926
counter/1/20,927
counter/1/20,928
counter/1/20,929
counter/1/20,930
counter/1/20,931
counter/1/20,932
counter/1/20,933
counter/1/20,934
counter/1/20,935
counter/1/20,936
counter/1/20,937
counter/1/20,938
counter/1/20,939
counter/1/20,940
counter/1/20,941
counter/1/20,942
counter/1/20,943
counter/1/20,944
counter/1/20,945
counter/1/20,946
counter/1/20,947
counter/1/20,948
counter/1/20,949
counter/1/20,950
counter/1/20,951
counter/1/20,952
counter/1/20,953
counter/1/20,954
counter/1/20,955
counter/1/20,956
counter/1/20,957
counter/1/20,958
counter/1/20,959
counter/1/20,960
counter/1/20,961
counter/1/20,962
counter/1/20,963
counter/1/20,964
counter/1/20,965
counter/1/20,966
counter/1/20,967
counter/1/20,968
counter/1/20,969
counter/1/20,970
counter/1/20,971
counter/1/20,972
counter/1/20,973
counter/1/20,974
counter/1/20,975
counter/1/20,976
counter/1/20,977
counter/1/20,978
counter/1/20,979
counter/1/20,980
counter/1/20,981
counter/1/20,982
counter/1/20,983
counter/1/20,984
counter/1/20,985
counter/1/20,986
counter/1/20,987
counter/1/20,988
counter/1/20,989
counter/1/20,990
counter/1/20,991
counter/1/20,992
counter/1/20,993
counter/1/20,994
counter/1/20,995
counter/1/20,996
counter/1/20,997
counter/1/20,998
counter/1/20,999
counter/1/20,1000
counter/1/20,1001
counter/1/20,1002
counter/1/20,1003
counter/1/20,1004
counter/1/20,1005
counter/1/20,1006
counter/1/20,1007
counter/1/20,1008
counter/1/20,1009
counter/1/20,1010
counter/1/20,1011
counter/1/20,1012
counter/1/20,1013
counter/1/20,1014
counter/1/20,1015
counter/1/20,1016
counter/1/20,1017
counter/1/20,1018
counter/1/20,1019
counter/1/20,1020
counter/1/20,1021
counter/1/20,1022
counter/1/20,1023
counter/1/20,1024
counter/1/20,1025
counter/1/20,1026
counter/1/20,1027
counter/1/20,1028
counter/1/20,1029
counter/1/20,1030
counter/1/20,1031
counter/1/20,1032
counter/1/20,1033
counter/1/20,1034
counter/1/20,1035
counter/1/20,1036
counter/1/20,1037
counter/1/20,1038
counter/1/20,1039
counter/1/20,1040
counter/1/20,1041
counter/1/20,1042
counter/1/20,1043
counter/1/20,1044
counter/1/20,1045
counter/1/20,1046
counter/1/20,1047
counter/1/20,1048
counter/1/20,1049
counter/1/20,1050
counter/1/20,1051
counter/1/20,1052
counter/1/20,1053
counter/1/20,1054
counter/1/20,1055
counter/1/20,1056
counter/1/20,1057
counter/1/20,1058
counter/1/20,1059
counter/1/20,1060
counter/1/20,1061
counter/1/20,1062
counter/1/20,1063
counter/1/20,1064
counter/1/20,1065
counter/1/20,1066
counter/1/20,1067
counter/1/20,1068
counter/1/20,1069
counter/1/20,1070
counter/1/20,1071
counter/1/20,1072
counter/1/20,1073
counter/1/20,1074
counter/1/20,1075
counter/1/20,1076
counter/1/20,1077
counter/1/20,1078
counter/1/20,1079
counter/1/20,1080
counter/1/20,1081
counter/1/20,1082
counter/1/20,1083
counter/1/20,1084
counter/1/20,1085
counter/1/20,1086
counter/1/20,1087
counter/1/20,1088
counter/1/20,1089
counter/1/20,1090
counter/1/20,1091
counter/1/20,1092
counter/1/20,1093
counter/1/20,1094
counter/1/20,1095
counter/1/20,1096
counter/1/20,1097
counter/1/20,1098
counter/1/20,1099
counter/1/20,1100
counter/1/20,1101
counter/1/20,1102
counter/1/20,1103
counter/1/20,1104
counter/1/20,1105
counter/1/20,1106
counter/1/20,1107
counter/1/20,1108
counter/1/20,1109
counter/1/20,1110
counter/1/20,1111
counter/1/20,1112
counter/1/20,1113
counter/1/20,1114
counter/1/20,1115
counter/1/20,1116
counter/1/20,1117
counter/1/20,1118
counter/1/20,1119
counter/1/20,1120
counter/1/20,1121
counter/1/20,1122
counter/1/20,1123
counter/1/20,1124
counter/1/20,1125
counter/1/20,1126
counter/1/20,1127
counter/1/20,1128
counter/1/20,1129
counter/1/20,1130
counter/1/20,1131
counter/1/20,1132
counter/1/20,1133
counter/1/20,1134
counter/1/20,1135
counter/1/20,1136
counter/1/20,1137
counter/1/20,1138
counter/1/20,1139
counter/1/20,1140
counter/1/20,1141
counter/1/20,1142
counter/1/20,1143
counter/1/20,1144
counter/1/20,1145
counter/1/20,1146
counter/1/20,1147
counter/1/20,1148
counter/1/20,1149
counter/1/20,1150
counter/1/20,1151
counter/1/20,1152
counter/1/20,1153
counter/1/20,1154
counter/1/20,1155
counter/1/20,1156
counter/1/20,1157
counter/1/20,1158
counter/1/20,1159
counter/1/20,1160
counter/1/20,1161
counter/1/20,1162
counter/1/20,1163
counter/1/20,1164
counter/1/20,1165
counter/1/20,1166
counter/1/20,1167
counter/1/20,1168
counter/1/20,1169
counter/1/20,1170
counter/1/20,1171
counter/1/20,1172
counter/1/20,1173
counter/1/20,1174
counter/1/20,1175
counter/1/20,1176
counter/1/20,1177
counter/1/20,1178
counter/1/20,1179
counter/1/20,1180
counter/1/20,1181
counter/1/20,1182
counter/1/20,1183
counter/1/20,1184
counter/1/20,1185
counter/1/20,1186
counter/1/20,1187
counter/1/20,1188
counter/1/20,1189
counter/1/20,1190
counter/1/20,1191
counter/1/20,1192
counter/1/20,1193
counter/1/20,1194
counter/1/20,1195
counter/1/20,1196
counter/1/20,1197
counter/1/20,1198
counter/1/20,1199
counter/1/20,1200
counter/1/20,1201
counter/1/20,1202
counter/1/20,1203
counter/1/20,1204
counter/1/20,1205
counter/1/20,1206
counter/1/20,1207
counter/1/20,1208
counter/1/20,1209
counter/1/20,1210
counter/1/20,1211
counter/1/20,1212
counter/1/20,1213
counter/1/20,1214
counter/1/20,1215
counter/1/20,1216
counter/1/20,1217
counter/1/20,1218
counter/1/20,1219
counter/1/20,1220
counter/1/20,1221
counter/1/20,1222
counter/1/20,1223
counter/1/20,1224
counter/1/20,1225
counter/1/20,1226
counter/1/20,1227
counter/1/20,1228
counter/1/20,1229
counter/1/20,1230
counter/1/20,1231
counter/1/20,1232
counter/1/20,1233
counter/1/20,1234
counter/1/20,1235
counter/1/20,1236
counter/1/20,1237
counter/1/20,1238
counter/1/20,1239
counter/1/20,1240
counter/1/20,1241
counter/1/20,1242
counter/1/20,1243
counter/1/20,1244
counter/1/20,1245
counter/1/20,1246
counter/1/20,1247
counter/1/20,1248
counter/1/20,1249
counter/1/20,1250
counter/1/20,1251
counter/1/20,1252
counter/1/20,1253
counter/1/20,1254
counter/1/20,1255
counter/1/20,1256
counter/1/20,1257
counter/1/20,1258
counter/1/20,1259
counter/1/20,1260
counter/1/20,1261
counter/1/20,1262
counter/1/20,1263
counter/1/20,1264
counter/1/20,1265
counter/1/20,1266
counter/1/20,1267
counter/1/20,1268
counter/1/20,1269
counter/1/20,1270
counter/1/20,1271
counter/1/20,1272
counter/1/20,1273
counter/1/20,1274
counter/1/20,1275
counter/1/20,1276
counter/1/20,1277
counter/1/20,1278
counter/1/20,1279
counter/1/20,1280
counter/1/20,1281
counter/1/20,1282
counter/1/20,1283
counter/1/20,1284
counter/1/20,1285
counter/1/20,1286
counter/1/20,1287
counter/1/20,1288
counter/1/20,1289
counter/1/20,1290
counter/1/20,1291
counter/1/20,1292
counter/1/20,1293
counter/1/20,1294
counter/1/20,1295
counter/1/20,1296
counter/1/20,1297
counter/1/20,1298
counter/1/20,1299
counter/1/20,1300
counter/1/20,1301
counter/1/20,1302
counter/1/20,1303
counter/1/20,1304
counter/1/20,1305
counter/1/20,1306
counter/1/20,1307
counter/1/20,1308
counter/1/20,1309
counter/1/20,1310
counter/1/20,1311
counter/1/20,1312
counter/1/20,1313
counter/1/20,1314
counter/1/20,1315
counter/1/20,1316
counter/1/20,1317
counter/1/20,1318
counter/1/20,1319
counter/1/20,1320
counter/1/20,1321
counter/1/20,1322
counter/1/20,1323
counter/1/20,1324
counter/1/20,1325
counter/1/20,1326
counter/1/20,1327
counter/1/20,1328
counter/1/20,1329
counter/1/20,1330
counter/1/20,1331
counter/1/20,1332
counter/1/20,1333
counter/1/20,1334
counter/1/20,1335
counter/1/20,1336
counter/1/20,1337
counter/1/20,1338
counter/1/20,1339
counter/1/20,1340
counter/1/20,1341
counter/1/20,1342
counter/1/20,1343
counter/1/20,1344
counter/1/20,1345
counter/1/20,1346
counter/1/20,1347
counter/1/20,1348
counter/1/20,1349
counter/1/20,1350
counter/1/20,1351
counter/1/20,1352
counter/1/20,1353
counter/1/20,1354
counter/1/20,1355
counter/1/20,1356
counter/1/20,1357
counter/1/20,1358
counter/1/20,1359
counter/1/20,1360
counter/1/20,1361
counter/1/20,1362
counter/1/20,1363
counter/1/20,1364
counter/1/20,1365
counter/1/20,1366
counter/1/20,1367
counter/1/20,1368
counter/1/20,1369
counter/1/20,1370
counter/1/20,1371
counter/1/20,1372
counter/1/20,1373
counter/1/20,1374
counter/1/20,1375
counter/1/20,1376
counter/1/20,1377
counter/1/20,1378
counter/1/20,1379
counter/1/20,1380
counter/1/20,1381
counter/1/20,1382
counter/1/20,1383
counter/1/20,1384
counter/1/20,1385
counter/1/20,1386
counter/1/20,1387
counter/1/20,1388
counter/1/20,1389
counter/1/20,1390
counter/1/20,1391
counter/1/20,1392
counter/1/20,1393
counter/1/20,1394
counter/1/20,1395
counter/1/20,1396
counter/1/20,1397
counter/1/20,1398
counter/1/20,1399
counter/1/20,1400
counter/1/20,1401
counter/1/20,1402
counter/1/20,1403
counter/1/20,1404
counter/1/20,1405
counter/1/20,1406
counter/1/20,1407
counter/1/20,1408
counter/1/20,1409
counter/1/20,1410
counter/1/20,1411
counter/1/20,1412
counter/1/20,1413
counter/1/20,1414
counter/1/20,1415
counter/1/20,1416
counter/1/20,1417
counter/1/20,1418
counter/1/20,1419
counter/1/20,1420
counter/1/20,1421
counter/1/20,1422
counter/1/20,1423
counter/1/20,1424
counter/1/20,1425
counter/1/20,1426
counter/1/20,1427
counter/1/20,1428
counter/1/20,1429
counter/1/20,1430
counter/1/20,1431
counter/1/20,1432
counter/1/20,1433
counter/1/20,1434
counter/1/20,1435
counter/1/20,1436
counter/1/20,1437
counter/1/20,1438
counter/1/20,1439
counter/1/20,1440
counter/1/20,1441
counter/1/20,1442
counter/1/20,1443
counter/1/20,1444
counter/1/20,1445
counter/1/20,1446
counter/1/20,1447
counter/1/20,1448
counter/1/20,1449
counter/1/20,1450
counter/1/20,1451
counter/1/20,1452
counter/1/20,1453
counter/1/20,1454
counter/1/20,1455
counter/1/20,1456
counter/1/20,1457
counter/1/20,1458
counter/1/20,1459
counter/1/20,1460
counter/1/20,1461
counter/1/20,1462
counter/1/20,1463
counter/1/20,1464
counter/1/20,1465
counter/1/20,1466
counter/1/20,1467
counter/1/20,1468
counter/1/20,1469
counter/1/20,1470
counter/1/20,1471
counter/1/20,1472
counter/1/20,1473
counter/1/20,1474
counter/1/20,1475
counter/1/20,1476
counter/1/20,1477
counter/1/20,1478
counter/1/20,1479
counter/1/20,1480
counter/1/20,1481
counter/1/20,1482
counter/1/20,1483
counter/1/20,1484
counter/1/20,1485
counter/1/20,1486
counter/1/20,1487
counter/1/20,1488
counter/1/20,1489
counter/1/20,1490
counter/1/20,1491
counter/1/20,1492
counter/1/20,1493
counter/1/20,1494
counter/1/20,1495
counter/1/20,1496
counter/1/20,1497
counter/1/20,1498
counter/1/20,1499
counter/1/20,1500
counter/1/20,1501
counter/1/20,1502
counter/1/20,1503
counter/1/20,1504
counter/1/20,1505
counter/1/20,1506
counter/1/20,1507
counter/1/20,1508
counter/1/20,1509
counter/1/20,1510
counter/1/20,1511
counter/1/20,1512
counter/1/20,1513
counter/1/20,1514
counter/1/20,1515
counter/1/20,1516
counter/1/20,1517
counter/1/20,1518
counter/1/20,1519
counter/1/20,1520
counter/1/20,1521
counter/1/20,1522
counter/1/20,1523
counter/1/20,1524
counter/1/20,1525
counter/1/20,1526
counter/1/20,1527
counter/1/20,1528
counter/1/20,1529
counter/1/20,1530
counter/1/20,1531
counter/1/20,1532
counter/1/20,1533
counter/1/20,1534
counter/1/20,1535
counter/1/20,1536
counter/1/20,1537
counter/1/20,1538
counter/1/20,1539
counter/1/20,1540
counter/1/20,1541
counter/1/20,1542
counter/1/20,1543
counter/1/20,1544
counter/1/20,1545
counter/1/20,1546
counter/1/20,1547
counter/1/20,1548
counter/1/20,1549
counter/1/20,1550
counter/1/20,1551
counter/1/20,1552
counter/1/20,1553
counter/1/20,1554
counter/1/20,1555
counter/1/20,1556
counter/1/20,1557
counter/1/20,1558
counter/1/20,1559
counter/1/20,1560
counter/1/20,1561
counter/1/20,1562
counter/1/20,1563
counter/1/20,1564
counter/1/20,1565
counter/1/20,1566
counter/1/20,1567
counter/1/20,1568
counter/1/20,1569
counter/1/20,1570
counter/1/20,1571
counter/1/20,1572
counter/1/20,1573
counter/1/20,1574
counter/1/20,1575
counter/1/20,1576
counter/1/20,1577
counter/1/20,1578
counter/1/20,1579
counter/1/20,1580
counter/1/20,1581
counter/1/20,1582
counter/1/20,1583
counter/1/20,1584
counter/1/20,1585
counter/1/20,1586
counter/1/20,1587
counter/1/20,1588
counter/1/20,1589
counter/1/20,1590
counter/1/20,1591
counter/1/20,1592
counter/1/20,1593
counter/1/20,1594
counter/1/20,1595
counter/1/20,1596
counter/1/20,1597
counter/1/20,1598
counter/1/20,1599
counter/1/20,1600
counter/1/20,1601
counter/1/20,1602
counter/1/20,1603
counter/1/20,1604
counter/1/20,1605
counter/1/20,1606
counter/1/20,1607
counter/1/20,1608
counter/1/20,1609
counter/1/20,1610
counter/1/20,1611
counter/1/20,1612
counter/1/20,1613
counter/1/20,1614
counter/1/20,1615
counter/1/20,1616
counter/1/20,1617
counter/1/20,1618
counter/1/20,1619
counter/1/20,1620
counter/1/20,1621
counter/1/20,1622
counter/1/20,1623
counter/1/20,1624
counter/1/20,1625
counter/1/20,1626
counter/1/20,1627
counter/1/20,1628
counter/1/20,1629
counter/1/20,1630
counter/1/20,1631
counter/1/20,1632
counter/1/20,1633
counter/1/20,1634
counter/1/20,1635
counter/1/20,1636
counter/1/20,1637
counter/1/20,1638
counter/1/20,1639
counter/1/20,1640
counter/1/20,1641
counter/1/20,1642
counter/1/20,1643
counter/1/20,1644
counter/1/20,1645
counter/1/20,1646
counter/1/20,1647
counter/1/20,1648
counter/1/20,1649
counter/1/20,1650
counter/1/20,1651
counter/1/20,1652
counter/1/20,1653
counter/1/20,1654
counter/1/20,1655
counter/1/20,1656
counter/1/20,1657
counter/1/20,1658
counter/1/20,1659
counter/1/20,1660
counter/1/20,1661
counter/1/20,1662
counter/1/20,1663
counter/1/20,1664
counter/1/20,1665
counter/1/20,1666
counter/1/20,1667
counter/1/20,1668
counter/1/20,1669
counter/1/20,1670
counter/1/20,1671
counter/1/20,1672
counter/1/20,1673
counter/1/20,1674
counter/1/20,1675
counter/1/20,1676
counter/1/20,1677
counter/1/20,1678
counter/1/20,1679
counter/1/20,1680
counter/1/20,1681
counter/1/20,1682
counter/1/20,1683
counter/1/20,1684
counter/1/20,1685
counter/1/20,1686
counter/1/20,1687
counter/1/20,1688
counter/1/20,1689
counter/1/20,1690
counter/1/20,1691
counter/1/20,1692
counter/1/20,1693
counter/1/20,1694
counter/1/20,1695
counter/1/20,1696
counter/1/20,1697
counter/1/20,1698
counter/1/20,1699
counter/1/20,1700
counter/1/20,1701
counter/1/20,1702
counter/1/20,1703
counter/1/20,1704
counter/1/20,1705
counter/1/20,1706
counter/1/20,1707
counter/1/20,1708
counter/1/20,1709
counter/1/20,1710
counter/1/20,1711
counter/1/20,1712
counter/1/20,1713
counter/1/20,1714
counter/1/20,1715
counter/1/20,1716
counter/1/20,1717
counter/1/20,1718
counter/1/20,1719
counter/1/20,1720
counter/1/20,1721
counter/1/20,1722
counter/1/20,1723
counter/1/20,1724
counter/1/20,1725
counter/1/20,1726
counter/1/20,1727
counter/1/20,1728
counter/1/20,1729
counter/1/20,1730
counter/1/20,1731
counter/1/20,1732
counter/1/20,1733
counter/1/20,1734
counter/1/20,1735
counter/1/20,1736
counter/1/20,1737
counter/1/20,1738
counter/1/20,1739
counter/1/20,1740
counter/1/20,1741
counter/1/20,1742
counter/1/20,1743
counter/1/20,1744
counter/1/20,1745
counter/1/20,1746
counter/1/20,1747
counter/1/20,1748
counter/1/20,1749
counter/1/20,1750
counter/1/20,1751
counter/1/20,1752
counter/1/20,1753
counter/1/20,1754
counter/1/20,1755
counter/1/20,1756
counter/1/20,1757
counter/1/20,1758
counter/1/20,1759
counter/1/20,1760
counter/1/20,1761
counter/1/20,1762
counter/1/20,1763
counter/1/20,1764
counter/1/20,1765
counter/1/20,1766
counter/1/20,1767
counter/1/20,1768
counter/1/20,1769
counter/1/20,1770
counter/1/20,1771
counter/1/20,1772
counter/1/20,1773
counter/1/20,1774
counter/1/20,1775
counter/1/20,1776
counter/1/20,1777
counter/1/20,1778
counter/1/20,1779
counter/1/20,1780
counter/1/20,1781
counter/1/20,1782
counter/1/20,1783
counter/1/20,1784
counter/1/20,1785
counter/1/20,1786
counter/1/20,1787
counter/1/20,1788
counter/1/20,1789
counter/1/20,1790
counter/1/20,1791
counter/1/20,1792
counter/1/20,1793
counter/1/20,1794
counter/1/20,1795
counter/1/20,1796
counter/1/20,1797
counter/1/20,1798
counter/1/20,1799
counter/1/20,1800
counter/1/20,1801
counter/1/20,1802
counter/1/20,1803
counter/1/20,1804
counter/1/20,1805
counter/1/20,1806
counter/1/20,1807
counter/1/20,1808
counter/1/20,1809
counter/1/20,1810
counter/1/20,1811
counter/1/20,1812
counter/1/20,1813
counter/1/20,1814
counter/1/20,1815
counter/1/20,1816
counter/1/20,1817
counter/1/20,1818
counter/1/20,1819
counter/1/20,1820
counter/1/20,1821
counter/1/20,1822
counter/1/20,1823
counter/1/20,1824
counter/1/20,1825
counter/1/20,1826
counter/1/20,1827
counter/1/20,1828
counter/1/20,1829
counter/1/20,1830
counter/1/20,1831
counter/1/20,1832
counter/1/20,1833
counter/1/20,1834
counter/1/20,1835
counter/1/20,1836
counter/1/20,1837
counter/1/20,1838
counter/1/20,1839
counter/1/20,1840
counter/1/20,1841
counter/1/20,1842
counter/1/20,1843
counter/1/20,1844
counter/1/20,1845
counter/1/20,1846
counter/1/20,1847
counter/1/20,1848
counter/1/20,1849
counter/1/20,1850
counter/1/20,1851
counter/1/20,1852
counter/1/20,1853
counter/1/20,1854
counter/1/20,1855
counter/1/20,1856
counter/1/20,1857
counter/1/20,1858
counter/1/20,1859
counter/1/20,1860
counter/1/20,1861
counter/1/20,1862
counter/1/20,1863
counter/1/20,1864
counter/1/20,1865
counter/1/20,1866
counter/1/20,1867
counter/1/20,1868
counter/1/20,1869
counter/1/20,1870
counter/1/20,1871
counter/1/20,1872
counter/1/20,1873
counter/1/20,1874
counter/1/20,1875
counter/1/20,1876
counter/1/20,1877
counter/1/20,1878
counter/1/20,1879
counter/1/20,1880
counter/1/20,1881
counter/1/20,1882
counter/1/20,1883
counter/1/20,1884
counter/1/20,1885
counter/1/20,1886
counter/1/20,1887
counter/1/20,1888
counter/1/20,1889
counter/1/20,1890
counter/1/20,1891
counter/1/20,1892
counter/1/20,1893
counter/1/20,1894
counter/1/20,1895
counter/1/20,1896
counter/1/20,1897
counter/1/20,1898
counter/1/20,1899
counter/1/20,1900
counter/1/20,1901
counter/1/20,1902
counter/1/20,1903
counter/1/20,1904
counter/1/20,1905
counter/1/20,1906
counter/1/20,1907
counter/1/20,1908
counter/1/20,1909
counter/1/20,1910
counter/1/20,1911
counter/1/20,1912
counter/1/20,1913
counter/1/20,1914
counter/1/20,1915
counter/1/20,1916
counter/1/20,1917
counter/1/20,1918
counter/1/20,1919
counter/1/20,1920
counter/1/20,1921
counter/1/20,1922
counter/1/20,1923
counter/1/20,1924
counter/1/20,1925
counter/1/20,1926
counter/1/20,1927
counter/1/20,1928
counter/1/20,1929
counter/1/20,1930
counter/1/20,1931
counter/1/20,1932
counter/1/20,1933
counter/1/20,1934
counter/1/20,1935
counter/1/20,1936
counter/1/20,1937
counter/1/20,1938
counter/1/20,1939
counter/1/20,1940
counter/1/20,1941
counter/1/20,1942
counter/1/20,1943
counter/1/20,1944
counter/1/20,1945
counter/1/20,1946
counter/1/20,1947
counter/1/20,1948
counter/1/20,1949
counter/1/20,1950
counter/1/20,1951
counter/1/20,1952
counter/1/20,1953
counter/1/20,1954
counter/1/20,1955
counter/1/20,1956
counter/1/20,1957
counter/1/20,1958
counter/1/20,1959
counter/1/20,1960
counter/1/20,1961
counter/1/20,1962
counter/1/20,1963
counter/1/20,1964
counter/1/20,1965
counter/1/20,1966
counter/1/20,1967
counter/1/20,1968
counter/1/20,1969
counter/1/20,1970
counter/1/20,1971
counter/1/20,1972
counter/1/20,1973
counter/1/20,1974
counter/1/20,1975
counter/1/20,1976
counter/1/20,1977
counter/1/20,1978
counter/1/20,1979
counter/1/20,1980
counter/1/20,1981
counter/1/20,1982
counter/1/20,1983
counter/1/20,1984
counter/1/20,1985
counter/1/20,1986
counter/1/20,1987
counter/1/20,1988
counter/1/20,1989
counter/1/20,1990
counter/1/20,1991
counter/1/20,1992
counter/1/20,1993
counter/1/20,1994
counter/1/20,1995
counter/1/20,1996
counter/1/20,1997
counter/1/20,1998
counter/1/20,1999
counter/1/20,2000
counter/1/20,2001
counter/1/20,2002
counter/1/20,2003
counter/1/20,2004
counter/1/20,2005
counter/1/20,2006
counter/1/20,2007
counter/1/20,2008
counter/1/20,2009
counter/1/20,2010
counter/1/20,2011
counter/1/20,2012
counter/1/20,2013
counter/1/20,2014
counter/1/20,2015
counter/1/20,2016
counter/1/20,2017
counter/1/20,2018
counter/1/20,2019
counter/1/20,2020
counter/1/20,2021
counter/1/20,2022
counter/1/20,2023
counter/1/20,2024
counter/1/20,2025
counter/1/20,2026
counter/1/20,2027
counter/1/20,2028
counter/1/20,2029
counter/1/20,2030
counter/1/20,2031
counter/1/20,2032
counter/1/20,2033
counter/1/20,2034
counter/1/20,2035
counter/1/20,2036
counter/1/20,2037
counter/1/20,2038
counter/1/20,2039
counter/1/20,2040
counter/1/20,2041
counter/1/20,2042
counter/1/20,2043
counter/1/20,2044
counter/1/20,2045
counter/1/20,2046
counter/1/20,2047
counter/1/20,2048
counter/1/20,2049
counter/1/20,2050
counter/1/20,2051
counter/1/20,2052
counter/1/20,2053
counter/1/20,2054
counter/1/20,2055
counter/1/20,2056
counter/1/20,2057
counter/1/20,2058
counter/1/20,2059
counter/1/20,2060
counter/1/20,2061
counter/1/20,2062
counter/1/20,2063
counter/1/20,2064
counter/1/20,2065
counter/1/20,2066
counter/1/20,2067
counter/1/20,2068
counter/1/20,2069
counter/1/20,2070
counter/1/20,2071
counter/1/20,2072
counter/1/20,2073
counter/1/20,2074
counter/1/20,2075
counter/1/20,2076
counter/1/20,2077
counter/1/20,2078
counter/1/20,2079
counter/1/20,2080
counter/1/20,2081
counter/1/20,2082
counter/1/20,2083
counter/1/20,2084
counter/1/20,2085
counter/1/20,2086
counter/1/20,2087
counter/1/20,2088
counter/1/20,2089
counter/1/20,2090
counter/1/20,2091
counter/1/20,2092
counter/1/20,2093
counter/1/20,2094
counter/1/20,2095
counter/1/20,2096
counter/1/20,2097
counter/1/20,2098
counter/1/20,2099
counter/1/20,2100
counter/1/20,2101
counter/1/20,2102
counter/1/20,2103
counter/1/20,2104
counter/1/20,2105
counter/1/20,2106
counter/1/20,2107
counter/1/20,2108
counter/1/20,2109
counter/1/20,2110
counter/1/20,2111
counter/1/20,2112
counter/1/20,2113
counter/1/20,2114
counter/1/20,2115
counter/1/20,2116
counter/1/20,2117
counter/1/20,2118
counter/1/20,2119
counter/1/20,2120
counter/1/20,2121
counter/1/20,2122
counter/1/20,2123
counter/1/20,2124
counter/1/20,2125
counter/1/20,2126
counter/1/20,2127
counter/1/20,2128
counter/1/20,2129
counter/1/20,2130
counter/1/20,2131
counter/1/20,2132
counter/1/20,2133
counter/1/20,2134
counter/1/20,2135
counter/1/20,2136
counter/1/20,2137
counter/1/20,2138
counter/1/20,2139
counter/1/20,2140
counter/1/20,2141
counter/1/20,2142
counter/1/20,2143
counter/1/20,2144
counter/1/20,2145
counter/1/20,2146
counter/1/20,2147
counter/1/20,2148
counter/1/20,2149
counter/1/20,2150
counter/1/20,2151
counter/1/20,2152
counter/1/20,2153
counter/1/20,2154
counter/1/20,2155
counter/1/20,2156
counter/1/20,2157
counter/1/20,2158
counter/1/20,2159
counter/1/20,2160
counter/1/20,2161
counter/1/20,2162
counter/1/20,2163
counter/1/20,2164
counter/1/20,2165
counter/1/20,2166
counter/1/20,2167
counter/1/20,2168
counter/1/20,2169
counter/1/20,2170
counter/1/20,2171
counter/1/20,2172
counter/1/20,2173
counter/1/20,2174
counter/1/20,2175
counter/1/20,2176
counter/1/20,2177
counter/1/20,2178
counter/1/20,2179
counter/1/20,2180
counter/1/20,2181
counter/1/20,2182
counter/1/20,2183
counter/1/20,2184
counter/1/20,2185
counter/1/20,2186
counter/1/20,2187
counter/1/20,2188
counter/1/20,2189
counter/1/20,2190
counter/1/20,2191
counter/1/20,2192
counter/1/20,2193
counter/1/20,2194
counter/1/20,2195
counter/1/20,2196
counter/1/20,2197
counter/1/20,2198
counter/1/20,2199
counter/1/20,2200
counter/1/20,2201
counter/1/20,2202
counter/1/20,2203
counter/1/20,2204
counter/1/20,2205
counter/1/20,2206
counter/1/20,2207
counter/1/20,2208
counter/1/20,2209
counter/1/20,2210
counter/1/20,2211
counter/1/20,2212
counter/1/20,2213
counter/1/20,2214
counter/1/20,2215
counter/1/20,2216
counter/1/20,2217
counter/1/20,2218
counter/1/20,2219
counter/1/20,2220
counter/1/20,2221
counter/1/20,2222
counter/1/20,2223
counter/1/20,2224
counter/1/20,2225
counter/1/20,2226
counter/1/20,2227
counter/1/20,2228
counter/1/20,2229
counter/1/20,2230
counter/1/20,2231
counter/1/20,2232
counter/1/20,2233
counter/1/20,2234
counter/1/20,2235
counter/1/20,2236
counter/1/20,2237
counter/1/20,2238
counter/1/20,2239
counter/1/20,2240
counter/1/20,2241
counter/1/20,2242
counter/1/20,2243
counter/1/20,2244
counter/1/20,2245
counter/1/20,2246
counter/1/20,2247
counter/1/20,2248
counter/1/20,2249
counter/1/20,2250
counter/1/20,2251
counter/1/20,2252
counter/1/20,2253
counter/1/20,2254
counter/1/20,2255
counter/1/20,2256
counter/1/20,2257
counter/1/20,2258
counter/1/20,2259
counter/1/20,2260
counter/1/20,2261
counter/1/20,2262
counter/1/20,2263
counter/1/20,2264
counter/1/20,2265
counter/1/20,2266
counter/1/20,2267
counter/1/20,2268
counter/1/20,2269
counter/1/20,2270
counter/1/20,2271
counter/1/20,2272
counter/1/20,2273
counter/1/20,2274
counter/1/20,2275
counter/1/20,2276
counter/1/20,2277
counter/1/20,2278
counter/1/20,2279
counter/1/20,2280
counter/1/20,2281
counter/1/20,2282
counter/1/20,2283
counter/1/20,2284
counter/1/20,2285
counter/1/20,2286
counter/1/20,2287
counter/1/20,2288
counter/1/20,2289
counter/1/20,2290
counter/1/20,2291
counter/1/20,2292
counter/1/20,2293
counter/1/20,2294
counter/1/20,2295
counter/1/20,2296
counter/1/20,2297
counter/1/20,2298
counter/1/20,2299
counter/1/20,2300
counter/1/20,2301
counter/1/20,2302
counter/1/20,2303
counter/1/20,2304
counter/1/20,2305
counter/1/20,2306
counter/1/20,2307
counter/1/20,2308
counter/1/20,2309
counter/1/20,2310
counter/1/20,2311
counter/1/20,2312
counter/1/20,2313
counter/1/20,2314
counter/1/20,2315
counter/1/20,2316
counter/1/20,2317
counter/1/20,2318
counter/1/20,2319
counter/1/20,2320
counter/1/20,2321
counter/1/20,2322
counter/1/20,2323
counter/1/20,2324
counter/1/20,2325
counter/1/20,2326
counter/1/20,2327
counter/1/20,2328
counter/1/20,2329
counter/1/20,2330
counter/1/20,2331
counter/1/20,2332
counter/1/20,2333
counter/1/20,2334
counter/1/20,2335
counter/1/20,2336
counter/1/20,2337
counter/1/20,2338
counter/1/20,2339
counter/1/20,2340
counter/1/20,2341
counter/1/20,2342
counter/1/20,2343
counter/1/20,2344
counter/1/20,2345
counter/1/20,2346
counter/1/20,2347
counter/1/20,2348
counter/1/20,2349
counter/1/20,2350
counter/1/20,2351
counter/1/20,2352
counter/1/20,2353
counter/1/20,2354
counter/1/20,2355
counter/1/20,2356
counter/1/20,2357
counter/1/20,2358
counter/1/20,2359
counter/1/20,2360
counter/1/20,2361
counter/1/20,2362
counter/1/20,2363
counter/1/20,2364
counter/1/20,2365
counter/1/20,2366
counter/1/20,2367
counter/1/20,2368
counter/1/20,2369
counter/1/20,2370
counter/1/20,2371
counter/1/20,2372
counter/1/20,2373
counter/1/20,2374
counter/1/20,2375
counter/1/20,2376
counter/1/20,2377
counter/1/20,2378
counter/1/20,2379
counter/1/20,2380
counter/1/20,2381
counter/1/20,2382
counter/1/20,2383
counter/1/20,2384
counter/1/20,2385
counter/1/20,2386
counter/1/20,2387
counter/1/20,2388
counter/1/20,2389
counter/1/20,2390
counter/1/20,2391
counter/1/20,2392
counter/1/20,2393
counter/1/20,2394
counter/1/20,2395
counter/1/20,2396
counter/1/20,2397
counter/1/20,2398
counter/1/20,2399
counter/1/20,2400
counter/1/20,2401
counter/1/20,2402
counter/1/20,2403
counter/1/20,2404
counter/1/20,2405
counter/1/20,2406
counter/1/20,2407
counter/1/20,2408
counter/1/20,2409
counter/1/20,2410
counter/1/20,2411
counter/1/20,2412
counter/1/20,2413
counter/1/20,2414
counter/1/20,2415
counter/1/20,2416
counter/1/20,2417
counter/1/20,2418
counter/1/20,2419
counter/1/20,2420
counter/1/20,2421
counter/1/20,2422
counter/1/20,2423
counter/1/20,2424
counter/1/20,2425
counter/1/20,2426
counter/1/20,2427
counter/1/20,2428
counter/1/20,2429
counter/1/20,2430
counter/1/20,2431
counter/1/20,2432
counter/1/20,2433
counter/1/20,2434
counter/1/20,2435
counter/1/20,2436
counter/1/20,2437
counter/1/20,2438
counter/1/20,0
counter/1/20,1
counter/1/20,2
counter/1/20,3
counter/1/20,4
counter/1/20,5
counter/1/20,6
counter/1/20,7
counter/1/20,8
counter/1/20,9
counter/1/20,10
counter/1/20,11
counter/1/20,12
counter/1/20,13
counter/1/20,14
counter/1/20,15
counter/1/20,16
counter/1/20,17
counter/1/20,18
counter/1/20,19
counter/1/20,20
counter/1/20,21
counter/1/20,22
counter/1/20,23
counter/1/20,24
counter/1/20,25
counter/1/20,26
counter/1/20,27
counter/1/20,28
counter/1/20,29
counter/1/20,30
counter/1/20,31
counter/1/20,32
counter/1/20,33
counter/1/20,34
counter/1/20,35
counter/1/20,36
counter/1/20,37
counter/1/20,38
counter/1/20,39
counter/1/20,40
counter/1/20,41
counter/1/20,42
counter/1/20,43
counter/1/20,44
counter/1/20,45
counter/1/20,46
counter/1/20,47
counter/1/20,48
counter/1/20,49
counter/1/20,50
counter/1/20,51
counter/1/20,52
counter/1/20,53
counter/1/20,54
counter/1/20,55
counter/1/20,56
counter/1/20,57
counter/1/20,58
counter/1/20,59
counter/1/20,60
counter/1/20,61
counter/1/20,62
counter/1/20,63
counter/1/20,64
counter/1/20,65
counter/1/20,66
counter/1/20,67
counter/1/20,68
counter/1/20,69
counter/1/20,70
counter/1/20,71
counter/1/20,72
counter/1/20,73
counter/1/20,74
counter/1/20,75
counter/1/20,76
counter/1/20,77
counter/1/20,78
counter/1/20,79
counter/1/20,80
counter/1/20,81
counter/1/20,82
counter/1/20,83
counter/1/20,84
counter/1/20,85
counter/1/20,86
counter/1/20,87
counter/1/20,88
counter/1/20,89
counter/1/20,90
counter/1/20,91
counter/1/20,92
counter/1/20,93
counter/1/20,94
counter/1/20,95
counter/1/20,96
counter/1/20,97
counter/1/20,98
counter/1/20,99
counter/1/20,100
counter/1/20,101
counter/1/20,102
counter/1/20,103
counter/1/20,104
counter/1/20,105
counter/1/20,106
counter/1/20,107
counter/1/20,108
counter/1/20,109
counter/1/20,110
counter/1/20,111
counter/1/20,112
counter/1/20,113
counter/1/20,114
counter/1/20,115
counter/1/20,116
counter/1/20,117
counter/1/20,118
counter/1/20,119
counter/1/20,120
counter/1/20,121
counter/1/20,122
counter/1/20,123
counter/1/20,124
counter/1/20,125
counter/1/20,126
counter/1/20,127
counter/1/20,128
counter/1/20,129
counter/1/20,130
counter/1/20,131
counter/1/20,132
counter/1/20,133
counter/1/20,134
counter/1/20,135
counter/1/20,136
counter/1/20,137
counter/1/20,138
counter/1/20,139
counter/1/20,140
counter/1/20,141
counter/1/20,142
counter/1/20,143
counter/1/20,144
counter/1/20,145
counter/1/20,146
counter/1/20,147
counter/1/20,148
counter/1/20,149
counter/1/20,150
counter/1/20,151
counter/1/20,152
counter/1/20,153
counter/1/20,154
counter/1/20,155
counter/1/20,156
counter/1/20,157
counter/1/20,158
counter/1/20,159
counter/1/20,160
counter/1/20,161
counter/1/20,162
counter/1/20,163
counter/1/20,164
counter/1/20,165
counter/1/20,166
counter/1/20,167
counter/1/20,168
counter/1/20,169
counter/1/20,170
counter/1/20,171
counter/1/20,172
counter/1/20,173
counter/1/20,174
counter/1/20,175
counter/1/20,176
counter/1/20,177
counter/1/20,178
counter/1/20,179
counter/1/20,180
counter/1/20,181
counter/1/20,182
counter/1/20,183
counter/1/20,184
counter/1/20,185
counter/1/20,186
counter/1/20,187
counter/1/20,188
counter/1/20,189
counter/1/20,190
counter/1/20,191
counter/1/20,192
counter/1/20,193
counter/1/20,194
counter/1/20,195
counter/1/20,196
counter/1/20,197
counter/1/20,198
counter/1/20,199
counter/1/20,200
counter/1/20,201
counter/1/20,202
counter/1/20,203
counter/1/20,204
counter/1/20,205
counter/1/20,206
counter/1/20,207
counter/1/20,208
counter/1/20,209
counter/1/20,210
counter/1/20,211
counter/1/20,212
counter/1/20,213
counter/1/20,214
counter/1/20,215
counter/1/20,216
counter/1/20,217
counter/1/20,218
counter/1/20,219
counter/1/20,220
counter/1/20,221
counter/1/20,222
counter/1/20,223
counter/1/20,224
counter/1/20,225
counter/1/20,226
counter/1/20,227
counter/1/20,228
counter/1/20,229
counter/1/20,230
counter/1/20,231
counter/1/20,232
counter/1/20,233
counter/1/20,234
counter/1/20,235
counter/1/20,236
counter/1/20,237
counter/1/20,238
counter/1/20,239
counter/1/20,240
counter/1/20,241
counter/1/20,242
counter/1/20,243
counter/1/20,244
counter/1/20,245
counter/1/20,246
counter/1/20,247
counter/1/20,248
counter/1/20,249
counter/1/20,250
counter/1/20,251
counter/1/20,252
counter/1/20,253
counter/1/20,254
counter/1/20,255
counter/1/20,256
counter/1/20,257
counter/1/20,258
counter/1/20,259
counter/1/20,260
counter/1/20,261
counter/1/20,262
counter/1/20,263
counter/1/20,264
counter/1/20,265
counter/1/20,266
counter/1/20,267
counter/1/20,268
counter/1/20,269
counter/1/20,270
counter/1/20,271
counter/1/20,272
counter/1/20,273
counter/1/20,274
counter/1/20,275
counter/1/20,276
counter/1/20,277
counter/1/20,278
counter/1/20,279
counter/1/20,280
counter/1/20,281
counter/1/20,282
counter/1/20,283
counter/1/20,284
counter/1/20,285
counter/1/20,286
counter/1/20,287
counter/1/20,288
counter/1/20,289
counter/1/20,290
counter/1/20,291
counter/1/20,292
counter/1/20,293
counter/1/20,294
counter/1/20,295
counter/1/20,296
counter/1/20,297
counter/1/20,298
counter/1/20,299
counter/1/20,300
counter/1/20,301
counter/1/20,302
counter/1/20,303
counter/1/20,304
counter/1/20,305
counter/1/20,306
counter/1/20,307
counter/1/20,308
counter/1/20,309
counter/1/20,310
counter/1/20,311
counter/1/20,312
counter/1/20,313
counter/1/20,314
counter/1/20,315
counter/1/20,316
counter/1/20,317
counter/1/20,318
counter/1/20,319
counter/1/20,320
counter/1/20,321
counter/1/20,322
counter/1/20,323
counter/1/20,324
counter/1/20,325
counter/1/20,326
counter/1/20,327
counter/1/20,328
counter/1/20,329
counter/1/20,330
counter/1/20,331
counter/1/20,332
counter/1/20,333
counter/1/20,334
counter/1/20,335
counter/1/20,336
counter/1/20,337
counter/1/20,338
counter/1/20,339
counter/1/20,340
counter/1/20,341
counter/1/20,342
counter/1/20,343
counter/1/20,344
counter/1/20,345
counter/1/20,346
counter/1/20,347
counter/1/20,348
counter/1/20,349
counter/1/20,350
counter/1/20,351
counter/1/20,352
counter/1/20,353
counter/1/20,354
counter/1/20,355
counter/1/20,356
counter/1/20,357
counter/1/20,358
counter/1/20,359
counter/1/20,360
counter/1/20,361
counter/1/20,362
counter/1/20,363
counter/1/20,364
counter/1/20,365
counter/1/20,366
counter/1/20,367
counter/1/20,368
counter/1/20,369
counter/1/20,370
counter/1/20,371
counter/1/20,372
counter/1/20,373
counter/1/20,374
counter/1/20,375
counter/1/20,376
counter/1/20,377
counter/1/20,378
counter/1/20,379
counter/1/20,380
counter/1/20,381
counter/1/20,382
counter/1/20,383
counter/1/20,384
counter/1/20,385
counter/1/20,386
counter/1/20,387
counter/1/20,388
counter/1/20,389
counter/1/20,390
counter/1/20,391
counter/1/20,392
counter/1/20,393
counter/1/20,394
counter/1/20,395
counter/1/20,396
counter/1/20,397
counter/1/20,398
counter/1/20,399
counter/1/20,400
counter/1/20,401
counter/1/20,402
counter/1/20,403
counter/1/20,404
counter/1/20,405
counter/1/20,406
counter/1/20,407
counter/1/20,408
counter/1/20,409
counter/1/20,410
counter/1/20,411
counter/1/20,412
counter/1/20,413
counter/1/20,414
counter/1/20,415
counter/1/20,416
counter/1/20,417
counter/1/20,418
counter/1/20,419
counter/1/20,420
counter/1/20,421
counter/1/20,422
counter/1/20,423
counter/1/20,424
counter/1/20,425
counter/1/20,426
counter/1/20,427
counter/1/20,428
counter/1/20,429
counter/1/20,430
counter/1/20,431
counter/1/20,432
counter/1/20,433
counter/1/20,434
counter/1/20,435
counter/1/20,436
counter/1/20,437
counter/1/20,438
counter/1/20,439
counter/1/20,440
counter/1/20,441
counter/1/20,442
counter/1/20,443
counter/1/20,444
counter/1/20,445
counter/1/20,446
counter/1/20,447
counter/1/20,448
counter/1/20,449
counter/1/20,450
counter/1/20,451
counter/1/20,452
counter/1/20,453
counter/1/20,454
counter/1/20,455
counter/1/20,456
counter/1/20,457
counter/1/20,458
counter/1/20,459
counter/1/20,460
counter/1/20,461
counter/1/20,462
counter/1/20,463
counter/1/20,464
counter/1/20,465
counter/1/20,466
counter/1/20,467
counter/1/20,468
counter/1/20,469
counter/1/20,470
counter/1/20,471
counter/1/20,472
counter/1/20,473
counter/1/20,474
counter/1/20,475
counter/1/20,476
counter/1/20,477
counter/1/20,478
counter/1/20,479
counter/1/20,480
counter/1/20,481
counter/1/20,482
counter/1/20,483
counter/1/20,484
counter/1/20,485
counter/1/20,486
counter/1/20,487
counter/1/20,488
counter/1/20,489
counter/1/20,490
counter/1/20,491
counter/1/20,492
counter/1/20,493
counter/1/20,494
counter/1/20,495
counter/1/20,496
counter/1/20,497
counter/1/20,498
counter/1/20,499
counter/1/20,500
counter/1/20,501
counter/1/20,502
counter/1/20,503
counter/1/20,504
counter/1/20,505
counter/1/20,506
counter/1/20,507
counter/1/20,508
counter/1/20,509
counter/1/20,510
counter/1/20,511
counter/1/20,512
counter/1/20,513
counter/1/20,514
counter/1/20,515
counter/1/20,516
counter/1/20,517
counter/1/20,518
counter/1/20,519
counter/1/20,520
counter/1/20,521
counter/1/20,522
counter/1/20,523
counter/1/20,524
counter/1/20,525
counter/1/20,526
counter/1/20,527
counter/1/20,528
counter/1/20,529
counter/1/20,530
counter/1/20,531
counter/1/20,532
counter/1/20,533
counter/1/20,534
counter/1/20,535
counter/1/20,536
counter/1/20,537
counter/1/20,538
counter/1/20,539
counter/1/20,540
counter/1/20,541
counter/1/20,542
counter/1/20,543
counter/1/20,544
counter/1/20,545
counter/1/20,546
counter/1/20,547
counter/1/20,548
counter/1/20,549
counter/1/20,550
counter/1/20,551
counter/1/20,552
counter/1/20,553
counter/1/20,554
counter/1/20,555
counter/1/20,556
counter/1/20,557
counter/1/20,558
counter/1/20,559
counter/1/20,560
counter/1/20,561
counter/1/20,562
counter/1/20,563
counter/1/20,564
counter/1/20,565
counter/1/20,566
counter/1/20,567
counter/1/20,568
counter/1/20,569
counter/1/20,570
counter/1/20,571
counter/1/20,572
counter/1/20,573
counter/1/20,574
counter/1/20,575
counter/1/20,576
counter/1/20,577
counter/1/20,578
counter/1/20,579
counter/1/20,580
counter/1/20,581
counter/1/20,582
counter/1/20,583
counter/1/20,584
counter/1/20,585
counter/1/20,586
counter/1/20,587
counter/1/20,588
counter/1/20,589
counter/1/20,590
counter/1/20,591
counter/1/20,592
counter/1/20,593
counter/1/20,594
counter/1/20,595
counter/1/20,596
counter/1/20,597
counter/1/20,598
counter/1/20,599
counter/1/20,600
counter/1/20,601
counter/1/20,602
counter/1/20,603
counter/1/20,604
counter/1/20,605
counter/1/20,606
counter/1/20,607
counter/1/20,608
counter/1/20,609
counter/1/20,610
counter/1/20,611
counter/1/20,612
counter/1/20,613
counter/1/20,614
counter/1/20,615
counter/1/20,616
counter/1/20,617
counter/1/20,618
counter/1/20,619
counter/1/20,620
counter/1/20,621
counter/1/20,622
counter/1/20,623
counter/1/20,624
counter/1/20,625
counter/1/20,626
counter/1/20,627
counter/1/20,628
counter/1/20,629
counter/1/20,630
counter/1/20,631
counter/1/20,632
counter/1/20,633
counter/1/20,634
counter/1/20,635
counter/1/20,636
counter/1/20,637
counter/1/20,638
counter/1/20,639
counter/1/20,640
counter/1/20,641
counter/1/20,642
counter/1/20,643
counter/1/20,644
counter/1/20,645
counter/1/20,646
counter/1/20,647
counter/1/20,648
counter/1/20,649
counter/1/20,650
counter/1/20,651
counter/1/20,652
counter/1/20,653
counter/1/20,654
counter/1/20,655
counter/1/20,656
counter/1/20,657
counter/1/20,658
counter/1/20,659
counter/1/20,660
counter/1/20,661
counter/1/20,662
counter/1/20,663
counter/1/20,664
counter/1/20,665
counter/1/20,666
counter/1/20,667
counter/1/20,668
counter/1/20,669
counter/1/20,670
counter/1/20,671
counter/1/20,672
counter/1/20,673
counter/1/20,674
counter/1/20,675
counter/1/20,676
counter/1/20,677
counter/1/20,678
counter/1/20,679
counter/1/20,680
counter/1/20,681
counter/1/20,682
counter/1/20,683
counter/1/20,684
counter/1/20,685
counter/1/20,686
counter/1/20,687
counter/1/20,688
counter/1/20,689
counter/1/20,690
counter/1/20,691
counter/1/20,692
counter/1/20,693
counter/1/20,694
counter/1/20,695
counter/1/20,696
counter/1/20,697
counter/1/20,698
counter/1/20,699
counter/1/20,700
counter/1/20,701
counter/1/20,702
counter/1/20,703
counter/1/20,704
counter/1/20,705
counter/1/20,706
counter/1/20,707
counter/1/20,708
counter/1/20,709
counter/1/20,710
counter/1/20,711
counter/1/20,712
counter/1/20,713
counter/1/20,714
counter/1/20,715
counter/1/20,716
counter/1/20,717
counter/1/20,718
counter/1/20,719
counter/1/20,720
counter/1/20,721
counter/1/20,722
counter/1/20,723
counter/1/20,724
counter/1/20,725
counter/1/20,726
counter/1/20,727
counter/1/20,728
counter/1/20,729
counter/1/20,730
counter/1/20,731
counter/1/20,732
counter/1/20,733
counter/1/20,734
counter/1/20,735
counter/1/20,736
counter/1/20,737
counter/1/20,738
counter/1/20,739
counter/1/20,740
counter/1/20,741
counter/1/20,742
counter/1/20,743
counter/1/20,744
counter/1/20,745
counter/1/20,746
counter/1/20,747
counter/1/20,748
counter/1/20,749
counter/1/20,750
counter/1/20,751
counter/1/20,752
counter/1/20,753
counter/1/20,754
counter/1/20,755
counter/1/20,756
counter/1/20,757
counter/1/20,758
counter/1/20,759
counter/1/20,760
counter/1/20,761
counter/1/20,762
counter/1/20,763
counter/1/20,764
counter/1/20,765
counter/1/20,766
counter/1/20,767
counter/1/20,768
counter/1/20,769
counter/1/20,770
counter/1/20,771
counter/1/20,772
counter/1/20,773
counter/1/20,774
counter/1/20,775
counter/1/20,776
counter/1/20,777
counter/1/20,778
counter/1/20,779
counter/1/20,780
counter/1/20,781
counter/1/20,782
counter/1/20,783
counter/1/20,784
counter/1/20,785
counter/1/20,786
counter/1/20,787
counter/1/20,788
counter/1/20,789
counter/1/20,790
counter/1/20,791
counter/1/20,792
counter/1/20,793
counter/1/20,794
counter/1/20,795
counter/1/20,796
counter/1/20,797
counter/1/20,798
counter/1/20,799
counter/1/20,800
counter/1/20,801
counter/1/20,802
counter/1/20,803
counter/1/20,804
counter/1/20,805
counter/1/20,806
counter/1/20,807
counter/1/20,808
counter/1/20,809
counter/1/20,810
counter/1/20,811
counter/1/20,812
counter/1/20,813
counter/1/20,814
counter/1/20,815
counter/1/20,816
counter/1/20,817
counter/1/20,818
counter/1/20,819
counter/1/20,820
counter/1/20,821
counter/1/20,822
counter/1/20,823
counter/1/20,824
counter/1/20,825
counter/1/20,826
counter/1/20,827
counter/1/20,828
counter/1/20,829
counter/1/20,830
counter/1/20,831
counter/1/20,832
counter/1/20,833
counter/1/20,834
counter/1/20,835
counter/1/20,836
counter/1/20,837
counter/1/20,838
counter/1/20,839
counter/1/20,840
counter/1/20,841
counter/1/20,842
counter/1/20,843
counter/1/20,844
counter/1/20,845
counter/1/20,846
counter/1/20,847
counter/1/20,848
counter/1/20,849
counter/1/20,850
counter/1/20,851
counter/1/20,852
counter/1/20,853
counter/1/20,854
counter/1/20,855
counter/1/20,856
counter/1/20,857
counter/1/20,858
counter/1/20,859
counter/1/20,860
counter/1/20,861
counter/1/20,862
counter/1/20,863
counter/1/20,864
counter/1/20,865
counter/1/20,866
counter/1/20,867
counter/1/20,868
counter/1/20,869
counter/1/20,870
counter/1/20,871
counter/1/20,872
counter/1/20,873
counter/1/20,874
counter/1/20,875
counter/1/20,876
counter/1/20,877
counter/1/20,878
counter/1/20,879
counter/1/20,880
counter/1/20,881
counter/1/20,882
counter/1/20,883
counter/1/20,884
counter/1/20,885
counter/1/20,886
counter/1/20,887
counter/1/20,888
counter/1/20,889
counter/1/20,890
counter/1/20,891
counter/1/20,892
counter/1/20,893
counter/1/20,894
counter/1/20,895
counter/1/20,896
counter/1/20,897
counter/1/20,898
counter/1/20,899
counter/1/20,900
counter/1/20,901
counter/1/20,902
counter/1/20,903
counter/1/20,904
counter/1/20,905
counter/1/20,906
counter/1/20,907
counter/1/20,908
counter/1/20,909
counter/1/20,910
counter/1/20,911
counter/1/20,912
counter/1/20,913
counter/1/20,914
counter/1/20,915
counter/1/20,916
counter/1/20,917
counter/1/20,918
counter/1/20,919
counter/1/20,920
counter/1/20,921
counter/1/20,922
counter/1/20,923
counter/1/20,924
counter/1/20,925
counter/1/20,926
counter/1/20,927
counter/1/20,928
counter/1/20,929
counter/1/20,930
counter/1/20,931
counter/1/20,932
counter/1/20,933
counter/1/20,934
counter/1/20,935
counter/1/20,936
counter/1/20,937
counter/1/20,938
counter/1/20,939
counter/1/20,940
counter/1/20,941
counter/1/20,942
counter/1/20,943
counter/1/20,944
counter/1/20,945
counter/1/20,946
counter/1/20,947
counter/1/20,948
counter/1/20,949
counter/1/20,950
counter/1/20,951
counter/1/20,952
counter/1/20,953
counter/1/20,954
counter/1/20,955
counter/1/20,956
counter/1/20,957
counter/1/20,958
counter/1/20,959
counter/1/20,960
counter/1/20,961
counter/1/20,962
counter/1/20,963
counter/1/20,964
counter/1/20,965
counter/1/20,966
counter/1/20,967
counter/1/20,968
counter/1/20,969
counter/1/20,970
counter/1/20,971
counter/1/20,972
counter/1/20,973
counter/1/20,974
counter/1/20,975
counter/1/20,976
counter/1/20,977
counter/1/20,978
counter/1/20,979
counter/1/20,980
counter/1/20,981
counter/1/20,982
counter/1/20,983
counter/1/20,984
counter/1/20,985
counter/1/20,986
counter/1/20,987
counter/1/20,988
counter/1/20,989
counter/1/20,990
counter/1/20,991
counter/1/20,992
counter/1/20,993
counter/1/20,994
counter/1/20,995
counter/1/20,996
counter/1/20,997
counter/1/20,998
counter/1/20,999
counter/1/20,1000
counter/1/20,1001
counter/1/20,1002
counter/1/20,1003
counter/1/20,1004
counter/1/20,1005
counter/1/20,1006
counter/1/20,1007
counter/1/20,1008
counter/1/20,1009
counter/1/20,1010
counter/1/20,1011
counter/1/20,1012
counter/1/20,1013
counter/1/20,1014
counter/1/20,1015
counter/1/20,1016
counter/1/20,1017
counter/1/20,1018
counter/1/20,1019
counter/1/20,1020
counter/1/20,1021
counter/1/20,1022
counter/1/20,1023
counter/1/20,1024
counter/1/20,1025
counter/1/20,1026
counter/1/20,1027
counter/1/20,1028
counter/1/20,1029
counter/1/20,1030
counter/1/20,1031
counter/1/20,1032
counter/1/20,1033
counter/1/20,1034
counter/1/20,1035
counter/1/20,1036
counter/1/20,1037
counter/1/20,1038
counter/1/20,1039
counter/1/20,1040
counter/1/20,1041
counter/1/20,1042
counter/1/20,1043
counter/1/20,1044
counter/1/20,1045
counter/1/20,1046
counter/1/20,1047
counter/1/20,1048
counter/1/20,1049
counter/1/20,1050
counter/1/20,1051
counter/1/20,1052
counter/1/20,1053
counter/1/20,1054
counter/1/20,1055
counter/1/20,1056
counter/1/20,1057
counter/1/20,1058
counter/1/20,1059
counter/1/20,1060
counter/1/20,1061
counter/1/20,1062
counter/1/20,1063
counter/1/20,1064
counter/1/20,1065
counter/1/20,1066
counter/1/20,1067
counter/1/20,1068
counter/1/20,1069
counter/1/20,1070
counter/1/20,1071
counter/1/20,1072
counter/1/20,1073
counter/1/20,1074
counter/1/20,1075
counter/1/20,1076
counter/1/20,1077
counter/1/20,1078
counter/1/20,1079
counter/1/20,1080
counter/1/20,1081
counter/1/20,1082
counter/1/20,1083
counter/1/20,1084
counter/1/20,1085
counter/1/20,1086
counter/1/20,1087
counter/1/20,1088
counter/1/20,1089
counter/1/20,1090
counter/1/20,1091
counter/1/20,1092
counter/1/20,1093
counter/1/20,1094
counter/1/20,1095
counter/1/20,1096
counter/1/20,1097
counter/1/20,1098
counter/1/20,1099
counter/1/20,1100
counter/1/20,1101
counter/1/20,1102
counter/1/20,1103
counter/1/20,1104
counter/1/20,1105
counter/1/20,1106
counter/1/20,1107
counter/1/20,1108
counter/1/20,1109
counter/1/20,1110
counter/1/20,1111
counter/1/20,1112
counter/1/20,1113
counter/1/20,1114
counter/1/20,1115
counter/1/20,1116
counter/1/20,1117
counter/1/20,1118
counter/1/20,1119
counter/1/20,1120
counter/1/20,1121
counter/1/20,1122
counter/1/20,1123
counter/1/20,1124
counter/1/20,1125
counter/1/20,1126
counter/1/20,1127
counter/1/20,1128
counter/1/20,1129
counter/1/20,1130
counter/1/20,1131
counter/1/20,1132
counter/1/20,1133
counter/1/20,1134
counter/1/20,1135
counter/1/20,1136
counter/1/20,1137
counter/1/20,1138
counter/1/20,1139
counter/1/20,1140
counter/1/20,1141
counter/1/20,1142
counter/1/20,1143
counter/1/20,1144
counter/1/20,1145
counter/1/20,1146
counter/1/20,1147
counter/1/20,1148
counter/1/20,1149
counter/1/20,1150
counter/1/20,1151
counter/1/20,1152
counter/1/20,1153
counter/1/20,1154
counter/1/20,1155
counter/1/20,1156
counter/1/20,1157
counter/1/20,1158
counter/1/20,1159
counter/1/20,1160
counter/1/20,1161
counter/1/20,1162
counter/1/20,1163
counter/1/20,1164
counter/1/20,1165
counter/1/20,1166
counter/1/20,1167
counter/1/20,1168
counter/1/20,1169
counter/1/20,1170
counter/1/20,1171
counter/1/20,1172
counter/1/20,1173
counter/1/20,1174
counter/1/20,1175
counter/1/20,1176
counter/1/20,1177
counter/1/20,1178
counter/1/20,1179
counter/1/20,1180
counter/1/20,1181
counter/1/20,1182
counter/1/20,1183
counter/1/20,1184
counter/1/20,1185
counter/1/20,1186
counter/1/20,1187
counter/1/20,1188
counter/1/20,1189
counter/1/20,1190
counter/1/20,1191
counter/1/20,1192
counter/1/20,1193
counter/1/20,1194
counter/1/20,1195
counter/1/20,1196
counter/1/20,1197
counter/1/20,1198
counter/1/20,1199
counter/1/20,1200
counter/1/20,1201
counter/1/20,1202
counter/1/20,1203
counter/1/20,1204
counter/1/20,1205
counter/1/20,1206
counter/1/20,1207
counter/1/20,1208
counter/1/20,1209
counter/1/20,1210
counter/1/20,1211
counter/1/20,1212
counter/1/20,1213
counter/1/20,1214
counter/1/20,1215
counter/1/20,1216
counter/1/20,1217
counter/1/20,1218
counter/1/20,1219
counter/1/20,1220
counter/1/20,1221
counter/1/20,1222
counter/1/20,1223
counter/1/20,1224
counter/1/20,1225
counter/1/20,1226
counter/1/20,1227
counter/1/20,1228
counter/1/20,1229
counter/1/20,1230
counter/1/20,1231
counter/1/20,1232
counter/1/20,1233
counter/1/20,1234
counter/1/20,1235
counter/1/20,1236
counter/1/20,1237
counter/1/20,1238
counter/1/20,1239
counter/1/20,1240
counter/1/20,1241
counter/1/20,1242
counter/1/20,1243
counter/1/20,1244
counter/1/20,1245
counter/1/20,1246
counter/1/20,1247
counter/1/20,1248
counter/1/20,1249
counter/1/20,1250
counter/1/20,1251
counter/1/20,1252
counter/1/20,1253
counter/1/20,1254
counter/1/20,1255
counter/1/20,1256
counter/1/20,1257
counter/1/20,1258
counter/1/20,1259
counter/1/20,1260
counter/1/20,1261
counter/1/20,1262
counter/1/20,1263
counter/1/20,1264
counter/1/20,1265
counter/1/20,1266
counter/1/20,1267
counter/1/20,1268
counter/1/20,1269
counter/1/20,1270
counter/1/20,1271
counter/1/20,1272
counter/1/20,1273
counter/1/20,1274
counter/1/20,1275
counter/1/20,1276
counter/1/20,1277
counter/1/20,1278
counter/1/20,1279
counter/1/20,1280
counter/1/20,1281
counter/1/20,1282
counter/1/20,1283
counter/1/20,1284
counter/1/20,1285
counter/1/20,1286
counter/1/20,1287
counter/1/20,1288
counter/1/20,1289
counter/1/20,1290
counter/1/20,1291
counter/1/20,1292
counter/1/20,1293
counter/1/20,1294
counter/1/20,1295
counter/1/20,1296
counter/1/20,1297
counter/1/20,1298
counter/1/20,1299
counter/1/20,1300
counter/1/20,1301
counter/1/20,1302
counter/1/20,1303
counter/1/20,1304
counter/1/20,1305
counter/1/20,1306
counter/1/20,1307
counter/1/20,1308
counter/1/20,1309
counter/1/20,1310
counter/1/20,1311
counter/1/20,1312
counter/1/20,1313
counter/1/20,1314
counter/1/20,1315
counter/1/20,1316
counter/1/20,1317
counter/1/20,1318
counter/1/20,1319
counter/1/20,1320
counter/1/20,1321
counter/1/20,1322
counter/1/20,1323
counter/1/20,1324
counter/1/20,1325
counter/1/20,1326
counter/1/20,1327
counter/1/20,1328
counter/1/20,1329
counter/1/20,1330
counter/1/20,1331
counter/1/20,1332
counter/1/20,1333
counter/1/20,1334
counter/1/20,1335
counter/1/20,1336
counter/1/20,1337
counter/1/20,1338
counter/1/20,1339
counter/1/20,1340
counter/1/20,1341
counter/1/20,1342
counter/1/20,1343
counter/1/20,1344
counter/1/20,1345
counter/1/20,1346
counter/1/20,1347
counter/1/20,1348
counter/1/20,1349
counter/1/20,1350
counter/1/20,1351
counter/1/20,1352
counter/1/20,1353
counter/1/20,1354
counter/1/20,1355
counter/1/20,1356
counter/1/20,1357
counter/1/20,1358
counter/1/20,1359
counter/1/20,1360
counter/1/20,1361
counter/1/20,1362
counter/1/20,1363
counter/1/20,1364
counter/1/20,1365
counter/1/20,1366
counter/1/20,1367
counter/1/20,1368
counter/1/20,1369
counter/1/20,1370
counter/1/20,1371
counter/1/20,1372
counter/1/20,1373
counter/1/20,1374
counter/1/20,1375
counter/1/20,1376
counter/1/20,1377
counter/1/20,1378
counter/1/20,1379
counter/1/20,1380
counter/1/20,1381
counter/1/20,1382
counter/1/20,1383
counter/1/20,1384
counter/1/20,1385
counter/1/20,1386
counter/1/20,1387
counter/1/20,1388
counter/1/20,1389
counter/1/20,1390
counter/1/20,1391
counter/1/20,1392
counter/1/20,1393
counter/1/20,1394
counter/1/20,1395
counter/1/20,1396
counter/1/20,1397
counter/1/20,1398
counter/1/20,1399
counter/1/20,1400
counter/1/20,1401
counter/1/20,1402
counter/1/20,1403
counter/1/20,1404
counter/1/20,1405
counter/1/20,1406
counter/1/20,1407
counter/1/20,1408
counter/1/20,1409
counter/1/20,1410
counter/1/20,1411
counter/1/20,1412
counter/1/20,1413
counter/1/20,1414
counter/1/20,1415
counter/1/20,1416
counter/1/20,1417
counter/1/20,1418
counter/1/20,1419
counter/1/20,1420
counter/1/20,1421
counter/1/20,1422
counter/1/20,1423
counter/1/20,1424
counter/1/20,1425
counter/1/20,1426
counter/1/20,1427
counter/1/20,1428
counter/1/20,1429
counter/1/20,1430
counter/1/20,1431
counter/1/20,1432
counter/1/20,1433
counter/1/20,1434
counter/1/20,1435
counter/1/20,1436
counter/1/20,1437
counter/1/20,1438
counter/1/20,1439
counter/1/20,1440
counter/1/20,1441
counter/1/20,1442
counter/1/20,1443
counter/1/20,1444
counter/1/20,1445
counter/1/20,1446
counter/1/20,1447
counter/1/20,1448
counter/1/20,1449
counter/1/20,1450
counter/1/20,1451
counter/1/20,1452
counter/1/20,1453
counter/1/20,1454
counter/1/20,1455
counter/1/20,1456
counter/1/20,1457
counter/1/20,1458
counter/1/20,1459
counter/1/20,1460
counter/1/20,1461
counter/1/20,1462
counter/1/20,1463
counter/1/20,1464
counter/1/20,1465
counter/1/20,1466
counter/1/20,1467
counter/1/20,1468
counter/1/20,1469
counter/1/20,1470
counter/1/20,1471
counter/1/20,1472
counter/1/20,1473
counter/1/20,1474
counter/1/20,1475
counter/1/20,1476
counter/1/20,1477
counter/1/20,1478
counter/1/20,1479
counter/1/20,1480
counter/1/20,1481
counter/1/20,1482
counter/1/20,1483
counter/1/20,1484
counter/1/20,1485
counter/1/20,1486
counter/1/20,1487
counter/1/20,1488
counter/1/20,1489
counter/1/20,1490
counter/1/20,1491
counter/1/20,1492
counter/1/20,1493
counter/1/20,1494
counter/1/20,1495
counter/1/20,1496
counter/1/20,1497
counter/1/20,1498
counter/1/20,1499
counter/1/20,1500
counter/1/20,1501
counter/1/20,1502
counter/1/20,1503
counter/1/20,1504
counter/1/20,1505
counter/1/20,1506
counter/1/20,1507
counter/1/20,1508
counter/1/20,1509
counter/1/20,1510
counter/1/20,1511
counter/1/20,1512
counter/1/20,1513
counter/1/20,1514
counter/1/20,1515
counter/1/20,1516
counter/1/20,1517
counter/1/20,1518
counter/1/20,1519
counter/1/20,1520
counter/1/20,1521
counter/1/20,1522
counter/1/20,1523
counter/1/20,1524
counter/1/20,1525
counter/1/20,1526
counter/1/20,1527
counter/1/20,1528
counter/1/20,1529
counter/1/20,1530
counter/1/20,1531
counter/1/20,1532
counter/1/20,1533
counter/1/20,1534
counter/1/20,1535
counter/1/20,1536
counter/1/20,1537
counter/1/20,1538
counter/1/20,1539
counter/1/20,1540
counter/1/20,1541
counter/1/20,1542
counter/1/20,1543
counter/1/20,1544
counter/1/20,1545
counter/1/20,1546
counter/1/20,1547
counter/1/20,1548
counter/1/20,1549
counter/1/20,1550
counter/1/20,1551
counter/1/20,1552
counter/1/20,1553
counter/1/20,1554
counter/1/20,1555
counter/1/20,1556
counter/1/20,1557
counter/1/20,1558
counter/1/20,1559
counter/1/20,1560
counter/1/20,1561
counter/1/20,1562
counter/1/20,1563
counter/1/20,1564
counter/1/20,1565
counter/1/20,1566
counter/1/20,1567
counter/1/20,1568
counter/1/20,1569
counter/1/20,1570
counter/1/20,1571
counter/1/20,1572
counter/1/20,1573
counter/1/20,1574
counter/1/20,1575
counter/1/20,1576
counter/1/20,1577
counter/1/20,1578
counter/1/20,1579
counter/1/20,1580
counter/1/20,1581
counter/1/20,1582
counter/1/20,1583
counter/1/20,1584
counter/1/20,1585
counter/1/20,1586
counter/1/20,1587
counter/1/20,1588
counter/1/20,1589
counter/1/20,1590
counter/1/20,1591
counter/1/20,1592
counter/1/20,1593
counter/1/20,1594
counter/1/20,1595
counter/1/20,1596
counter/1/20,1597
counter/1/20,1598
counter/1/20,1599
counter/1/20,1600
counter/1/20,1601
counter/1/20,1602
counter/1/20,1603
counter/1/20,1604
counter/1/20,1605
counter/1/20,1606
counter/1/20,1607
counter/1/20,1608
counter/1/20,1609
counter/1/20,1610
counter/1/20,1611
counter/1/20,1612
counter/1/20,1613
counter/1/20,1614
counter/1/20,1615
counter/1/20,1616
counter/1/20,1617
counter/1/20,1618
counter/1/20,1619
counter/1/20,1620
counter/1/20,1621
counter/1/20,1622
counter/1/20,1623
counter/1/20,1624
counter/1/20,1625
counter/1/20,1626
counter/1/20,1627
counter/1/20,1628
counter/1/20,1629
counter/1/20,1630
counter/1/20,1631
counter/1/20,1632
counter/1/20,1633
counter/1/20,1634
counter/1/20,1635
counter/1/20,1636
counter/1/20,1637
counter/1/20,1638
counter/1/20,1639
counter/1/20,1640
counter/1/20,1641
counter/1/20,1642
counter/1/20,1643
counter/1/20,1644
counter/1/20,1645
counter/1/20,1646
counter/1/20,1647
counter/1/20,1648
counter/1/20,1649
counter/1/20,1650
counter/1/20,1651
counter/1/20,1652
counter/1/20,1653
counter/1/20,1654
counter/1/20,1655
counter/1/20,1656
counter/1/20,1657
counter/1/20,1658
counter/1/20,1659
counter/1/20,1660
counter/1/20,1661
counter/1/20,1662
counter/1/20,1663
counter/1/20,1664
counter/1/20,1665
counter/1/20,1666
counter/1/20,1667
counter/1/20,1668
counter/1/20,1669
counter/1/20,1670
counter/1/20,1671
counter/1/20,1672
counter/1/20,1673
counter/1/20,1674
counter/1/20,1675
counter/1/20,1676
counter/1/20,1677
counter/1/20,1678
counter/1/20,1679
counter/1/20,1680
counter/1/20,1681
counter/1/20,1682
counter/1/20,1683
counter/1/20,1684
counter/1/20,1685
counter/1/20,1686
counter/1/20,1687
counter/1/20,1688
counter/1/20,1689
counter/1/20,1690
counter/1/20,1691
counter/1/20,1692
counter/1/20,1693
counter/1/20,1694
counter/1/20,1695
counter/1/20,1696
counter/1/20,1697
counter/1/20,1698
counter/1/20,1699
counter/1/20,1700
counter/1/20,1701
counter/1/20,1702
counter/1/20,1703
counter/1/20,1704
counter/1/20,1705
counter/1/20,1706
counter/1/20,1707
counter/1/20,1708
counter/1/20,1709
counter/1/20,1710
counter/1/20,1711
counter/1/20,1712
counter/1/20,1713
counter/1/20,1714
counter/1/20,1715
counter/1/20,1716
counter/1/20,1717
counter/1/20,1718
counter/1/20,1719
counter/1/20,1720
counter/1/20,1721
counter/1/20,1722
counter/1/20,1723
counter/1/20,1724
counter/1/20,1725
counter/1/20,1726
counter/1/20,1727
counter/1/20,1728
counter/1/20,1729
counter/1/20,1730
counter/1/20,1731
counter/1/20,1732
counter/1/20,1733
counter/1/20,1734
counter/1/20,1735
counter/1/20,1736
counter/1/20,1737
counter/1/20,1738
counter/1/20,1739
counter/1/20,1740
counter/1/20,1741
counter/1/20,1742
counter/1/20,1743
counter/1/20,1744
counter/1/20,1745
counter/1/20,1746
counter/1/20,1747
counter/1/20,1748
counter/1/20,1749
counter/1/20,1750
counter/1/20,1751
counter/1/20,1752
counter/1/20,1753
counter/1/20,1754
counter/1/20,1755
counter/1/20,1756
counter/1/20,1757
counter/1/20,1758
counter/1/20,1759
counter/1/20,1760
counter/1/20,1761
counter/1/20,1762
counter/1/20,1763
counter/1/20,1764
counter/1/20,1765
counter/1/20,1766
counter/1/20,1767
counter/1/20,1768
counter/1/20,1769
counter/1/20,1770
counter/1/20,1771
counter/1/20,1772
counter/1/20,1773
counter/1/20,1774
counter/1/20,1775
counter/1/20,1776
counter/1/20,1777
counter/1/20,1778
counter/1/20,1779
counter/1/20,1780
counter/1/20,1781
counter/1/20,1782
counter/1/20,1783
counter/1/20,1784
counter/1/20,1785
counter/1/20,1786
counter/1/20,1787
counter/1/20,1788
counter/1/20,1789
counter/1/20,1790
counter/1/20,1791
counter/1/20,1792
counter/1/20,1793
counter/1/20,1794
counter/1/20,1795
counter/1/20,1796
counter/1/20,1797
counter/1/20,1798
counter/1/20,1799
counter/1/20,1800
counter/1/20,1801
counter/1/20,1802
counter/1/20,1803
counter/1/20,1804
counter/1/20,1805
counter/1/20,1806
counter/1/20,1807
counter/1/20,1808
counter/1/20,1809
counter/1/20,1810
counter/1/20,1811
counter/1/20,1812
counter/1/20,1813
counter/1/20,1814
counter/1/20,1815
counter/1/20,1816
counter/1/20,1817
counter/1/20,1818
counter/1/20,1819
counter/1/20,1820
counter/1/20,1821
counter/1/20,1822
counter/1/20,1823
counter/1/20,1824
counter/1/20,1825
counter/1/20,1826
counter/1/20,1827
counter/1/20,1828
counter/1/20,1829
counter/1/20,1830
counter/1/20,1831
counter/1/20,1832
counter/1/20,1833
counter/1/20,1834
counter/1/20,1835
counter/1/20,1836
counter/1/20,1837
counter/1/20,1838
counter/1/20,1839
counter/1/20,1840
counter/1/20,1841
counter/1/20,1842
counter/1/20,1843
counter/1/20,1844
counter/1/20,1845
counter/1/20,1846
counter/1/20,1847
counter/1/20,1848
counter/1/20,1849
counter/1/20,1850
counter/1/20,1851
counter/1/20,1852
counter/1/20,1853
counter/1/20,1854
counter/1/20,1855
counter/1/20,1856
counter/1/20,1857
counter/1/20,1858
counter/1/20,1859
counter/1/20,1860
counter/1/20,1861
counter/1/20,1862
counter/1/20,1863
counter/1/20,1864
counter/1/20,1865
counter/1/20,1866
counter/1/20,1867
counter/1/20,1868
counter/1/20,1869
counter/1/20,1870
counter/1/20,1871
counter/1/20,1872
counter/1/20,1873
counter/1/20,1874
counter/1/20,1875
counter/1/20,1876
counter/1/20,1877
counter/1/20,1878
counter/1/20,1879
counter/1/20,1880
counter/1/20,1881
counter/1/20,1882
counter/1/20,1883
counter/1/20,1884
counter/1/20,1885
counter/1/20,1886
counter/1/20,1887
counter/1/20,1888
counter/1/20,1889
counter/1/20,1890
counter/1/20,1891
counter/1/20,1892
counter/1/20,1893
counter/1/20,1894
counter/1/20,1895
counter/1/20,1896
counter/1/20,1897
counter/1/20,1898
counter/1/20,1899
counter/1/20,1900
counter/1/20,1901
counter/1/20,1902
counter/1/20,1903
counter/1/20,1904
counter/1/20,1905
counter/1/20,1906
counter/1/20,1907
counter/1/20,1908
counter/1/20,1909
counter/1/20,1910
counter/1/20,1911
counter/1/20,1912
counter/1/20,1913
counter/1/20,1914
counter/1/20,1915
counter/1/20,1916
counter/1/20,1917
counter/1/20,1918
counter/1/20,1919
counter/1/20,1920
counter/1/20,1921
counter/1/20,1922
counter/1/20,1923
counter/1/20,1924
counter/1/20,1925
counter/1/20,1926
counter/1/20,1927
counter/1/20,1928
counter/1/20,1929
counter/1/20,1930
counter/1/20,1931
counter/1/20,1932
counter/1/20,1933
counter/1/20,1934
counter/1/20,1935
counter/1/20,1936
counter/1/20,1937
counter/1/20,1938
counter/1/20,1939
counter/1/20,1940
counter/1/20,1941
counter/1/20,1942
counter/1/20,1943
counter/1/20,1944
counter/1/20,1945
counter/1/20,1946
counter/1/20,1947
counter/1/20,1948
counter/1/20,1949
counter/1/20,1950
counter/1/20,1951
counter/1/20,1952
counter/1/20,1953
counter/1/20,1954
counter/1/20,1955
counter/1/20,1956
counter/1/20,1957
counter/1/20,1958
counter/1/20,1959
counter/1/20,1960
counter/1/20,1961
counter/1/20,1962
counter/1/20,1963
counter/1/20,1964
counter/1/20,1965
counter/1/20,1966
counter/1/20,1967
counter/1/20,1968
counter/1/20,1969
counter/1/20,1970
counter/1/20,1971
counter/1/20,1972
counter/1/20,1973
counter/1/20,1974
counter/1/20,1975
counter/1/20,1976
counter/1/20,1977
counter/1/20,1978
counter/1/20,1979
counter/1/20,1980
counter/1/20,1981
counter/1/20,1982
counter/1/20,1983
counter/1/20,1984
counter/1/20,1985
counter/1/20,1986
counter/1/20,1987
counter/1/20,1988
counter/1/20,1989
counter/1/20,1990
counter/1/20,1991
counter/1/20,1992
counter/1/20,1993
counter/1/20,1994
counter/1/20,1995
counter/1/20,1996
counter/1/20,1997
counter/1/20,1998
counter/1/20,1999
counter/1/20,2000
counter/1/20,2001
counter/1/20,2002
counter/1/20,2003
counter/1/20,2004
counter/1/20,2005
counter/1/20,2006
counter/1/20,2007
counter/1/20,2008
counter/1/20,2009
counter/1/20,2010
counter/1/20,2011
counter/1/20,2012
counter/1/20,2013
counter/1/20,2014
counter/1/20,2015
counter/1/20,2016
counter/1/20,2017
counter/1/20,2018
counter/1/20,2019
counter/1/20,2020
counter/1/20,2021
counter/1/20,2022
counter/1/20,2023
counter/1/20,2024
counter/1/20,2025
counter/1/20,2026
counter/1/20,2027
counter/1/20,2028
counter/1/20,2029
counter/1/20,2030
counter/1/20,2031
counter/1/20,2032
counter/1/20,2033
counter/1/20,2034
counter/1/20,2035
counter/1/20,2036
counter/1/20,2037
counter/1/20,2038
counter/1/20,2039
counter/1/20,2040
counter/1/20,2041
counter/1/20,2042
counter/1/20,2043
counter/1/20,2044
counter/1/20,2045
counter/1/20,2046
counter/1/20,2047
counter/1/20,2048
counter/1/20,2049
counter/1/20,2050
counter/1/20,2051
counter/1/20,2052
counter/1/20,2053
counter/1/20,2054
counter/1/20,2055
counter/1/20,2056
counter/1/20,2057
counter/1/20,2058
counter/1/20,2059
counter/1/20,2060
counter/1/20,2061
counter/1/20,2062
counter/1/20,2063
counter/1/20,2064
counter/1/20,2065
counter/1/20,2066
counter/1/20,2067
counter/1/20,2068
counter/1/20,2069
counter/1/20,2070
counter/1/20,2071
counter/1/20,2072
counter/1/20,2073
counter/1/20,2074
counter/1/20,2075
counter/1/20,2076
counter/1/20,2077
counter/1/20,2078
counter/1/20,2079
counter/1/20,2080
counter/1/20,2081
counter/1/20,2082
counter/1/20,2083
counter/1/20,2084
counter/1/20,2085
counter/1/20,2086
counter/1/20,2087
counter/1/20,2088
counter/1/20,2089
counter/1/20,2090
counter/1/20,2091
counter/1/20,2092
counter/1/20,2093
counter/1/20,2094
counter/1/20,2095
counter/1/20,2096
counter/1/20,2097
counter/1/20,2098
counter/1/20,2099
counter/1/20,2100
counter/1/20,2101
counter/1/20,2102
counter/1/20,2103
counter/1/20,2104
counter/1/20,2105
counter/1/20,2106
counter/1/20,2107
counter/1/20,2108
counter/1/20,2109
counter/1/20,2110
counter/1/20,2111
counter/1/20,2112
counter/1/20,2113
counter/1/20,2114
counter/1/20,2115
counter/1/20,2116
counter/1/20,2117
counter/1/20,2118
counter/1/20,2119
counter/1/20,2120
counter/1/20,2121
counter/1/20,2122
counter/1/20,2123
counter/1/20,2124
counter/1/20,2125
counter/1/20,2126
counter/1/20,2127
counter/1/20,2128
counter/1/20,2129
counter/1/20,2130
counter/1/20,2131
counter/1/20,2132
counter/1/20,2133
counter/1/20,2134
counter/1/20,2135
counter/1/20,2136
counter/1/20,2137
counter/1/20,2138
counter/1/20,2139
counter/1/20,2140
counter/1/20,2141
counter/1/20,2142
counter/1/20,2143
counter/1/20,2144
counter/1/20,2145
counter/1/20,2146
counter/1/20,2147
counter/1/20,2148
counter/1/20,2149
counter/1/20,2150
counter/1/20,2151
counter/1/20,2152
counter/1/20,2153
counter/1/20,2154
counter/1/20,2155
counter/1/20,2156
counter/1/20,2157
counter/1/20,2158
counter/1/20,2159
counter/1/20,2160
counter/1/20,2161
counter/1/20,2162
counter/1/20,2163
counter/1/20,2164
counter/1/20,2165
counter/1/20,2166
counter/1/20,2167
counter/1/20,2168
counter/1/20,2169
counter/1/20,2170
counter/1/20,2171
counter/1/20,2172
counter/1/20,2173
counter/1/20,2174
counter/1/20,2175
counter/1/20,2176
counter/1/20,2177
counter/1/20,2178
counter/1/20,2179
counter/1/20,2180
counter/1/20,2181
counter/1/20,2182
counter/1/20,2183
counter/1/20,2184
counter/1/20,2185
counter/1/20,2186
counter/1/20,2187
counter/1/20,2188
counter/1/20,2189
counter/1/20,2190
counter/1/20,2191
counter/1/20,2192
counter/1/20,2193
counter/1/20,2194
counter/1/20,2195
counter/1/20,2196
counter/1/20,2197
counter/1/20,2198
counter/1/20,2199
counter/1/20,2200
counter/1/20,2201
counter/1/20,2202
counter/1/20,2203
counter/1/20,2204
counter/1/20,2205
counter/1/20,2206
counter/1/20,2207
counter/1/20,2208
counter/1/20,2209
counter/1/20,2210
counter/1/20,2211
counter/1/20,2212
counter/1/20,2213
counter/1/20,2214
counter/1/20,2215
counter/1/20,2216
counter/1/20,2217
counter/1/20,2218
counter/1/20,2219
counter/1/20,2220
counter/1/20,2221
counter/1/20,2222
counter/1/20,2223
counter/1/20,2224
counter/1/20,2225
counter/1/20,2226
counter/1/20,2227
counter/1/20,2228
counter/1/20,2229
counter/1/20,2230
counter/1/20,2231
counter/1/20,2232
counter/1/20,2233
counter/1/20,2234
counter/1/20,2235
counter/1/20,2236
counter/1/20,2237
counter/1/20,2238
counter/1/20,2239
counter/1/20,2240
counter/1/20,2241
counter/1/20,2242
counter/1/20,2243
counter/1/20,2244
counter/1/20,2245
counter/1/20,2246
counter/1/20,2247
counter/1/20,2248
counter/1/20,2249
counter/1/20,2250
counter/1/20,2251
counter/1/20,2252
counter/1/20,2253
counter/1/20,2254
counter/1/20,2255
counter/1/20,2256
counter/1/20,2257
counter/1/20,2258
counter/1/20,2259
counter/1/20,2260
counter/1/20,2261
counter/1/20,2262
counter/1/20,2263
counter/1/20,2264
counter/1/20,2265
counter/1/20,2266
counter/1/20,2267
counter/1/20,2268
counter/1/20,2269
counter/1/20,2270
counter/1/20,2271
counter/1/20,2272
counter/1/20,2273
counter/1/20,2274
counter/1/20,2275
counter/1/20,2276
counter/1/20,2277
counter/1/20,2278
counter/1/20,2279
counter/1/20,2280
counter/1/20,2281
counter/1/20,2282
counter/1/20,2283
counter/1/20,2284
counter/1/20,2285
counter/1/20,2286
counter/1/20,2287
counter/1/20,2288
counter/1/20,2289
counter/1/20,2290
counter/1/20,2291
counter/1/20,2292
counter/1/20,2293
counter/1/20,2294
counter/1/20,2295
counter/1/20,2296
counter/1/20,2297
counter/1/20,2298
counter/1/20,2299
counter/1/20,2300
counter/1/20,2301
counter/1/20,2302
counter/1/20,2303
counter/1/20,2304
counter/1/20,2305
counter/1/20,2306
counter/1/20,2307
counter/1/20,2308
counter/1/20,2309
counter/1/20,2310
counter/1/20,2311
counter/1/20,2312
counter/1/20,2313
counter/1/20,2314
counter/1/20,2315
counter/1/20,2316
counter/1/20,2317
counter/1/20,2318
counter/1/20,2319
counter/1/20,2320
counter/1/20,2321
counter/1/20,2322
counter/1/20,2323
counter/1/20,2324
counter/1/20,2325
counter/1/20,2326
counter/1/20,2327
counter/1/20,2328
counter/1/20,2329
counter/1/20,2330
counter/1/20,2331
counter/1/20,2332
counter/1/20,2333
counter/1/20,2334
counter/1/20,2335
counter/1/20,2336
counter/1/20,2337
counter/1/20,2338
counter/1/20,2339
counter/1/20,2340
counter/1/20,2341
counter/1/20,2342
counter/1/20,2343
counter/1/20,2344
counter/1/20,2345
counter/1/20,2346
counter/1/20,2347
counter/1/20,2348
counter/1/20,2349
counter/1/20,2350
counter/1/20,2351
counter/1/20,2352
counter/1/20,2353
counter/1/20,2354
counter/1/20,2355
counter/1/20,2356
counter/1/20,2357
counter/1/20,2358
counter/1/20,2359
counter/1/20,2360
counter/1/20,2361
counter/1/20,2362
counter/1/20,2363
counter/1/20,2364
counter/1/20,2365
counter/1/20,2366
counter/1/20,2367
counter/1/20,2368
counter/1/20,2369
counter/1/20,2370
counter/1/20,2371
counter/1/20,2372
counter/1/20,2373
counter/1/20,2374
counter/1/20,2375
counter/1/20,2376
counter/1/20,2377
counter/1/20,2378
counter/1/20,2379
counter/1/20,2380
counter/1/20,2381
counter/1/20,2382
counter/1/20,2383
counter/1/20,2384
counter/1/20,2385
counter/1/20,2386
counter/1/20,2387
counter/1/20,2388
counter/1/20,2389
counter/1/20,2390
counter/1/20,2391
counter/1/20,2392
counter/1/20,2393
counter/1/20,2394
counter/1/20,2395
counter/1/20,2396
counter/1/20,2397
counter/1/20,2398
counter/1/20,2399
counter/1/20,2400
counter/1/20,2401
counter/1/20,2402
counter/1/20,2403
counter/1/20,2404
counter/1/20,2405
counter/1/20,2406
counter/1/20,2407
counter/1/20,2408
counter/1/20,2409
counter/1/20,2410
counter/1/20,2411
counter/1/20,2412
counter/1/20,2413
counter/1/20,2414
counter/1/20,2415
counter/1/20,2416
counter/1/20,2417
counter/1/20,2418
counter/1/20,2419
counter/1/20,2420
counter/1/20,2421
counter/1/20,2422
counter/1/20,2423
counter/1/20,2424
counter/1/20,2425
counter/1/20,2426
counter/1/20,2427
counter/1/20,2428
counter/1/20,2429
counter/1/20,2430
counter/1/20,2431
counter/1/20,2432
counter/1/20,2433
counter/1/20,2434
counter/1/20,2435
counter/1/20,2436
counter/1/20,2437
counter/1/20,2438
counter/1/20,2439
counter/1/20,2440
counter/1/20,2441
counter/1/20,2442
counter/1/20,2443
counter/1/20,2444
counter/1/20,2445
counter/1/20,2446
counter/1/20,2447
counter/1/20,2448
counter/1/20,2449
counter/1/20,2450
counter/1/20,2451
counter/1/20,2452
counter/1/20,2453
counter/1/20,2454
counter/1/20,2455
counter/1/20,2456
counter/1/20,2457
counter/1/20,2458
counter/1/20,2459
counter/1/20,2460
counter/1/20,2461
counter/1/20,2462
counter/1/20,2463
counter/1/20,2464
counter/1/20,2465
counter/1/20,2466
counter/1/20,2467
counter/1/20,2468
counter/1/20,2469
counter/1/20,2470
counter/1/20,2471
counter/1/20,2472
counter/1/20,2473
counter/1/20,2474
counter/1/20,2475
counter/1/20,2476
counter/1/20,2477
counter/1/20,2478
counter/1/20,2479
counter/1/20,2480
counter/1/20,2481
counter/1/20,2482
counter/1/20,2483
counter/1/20,2484
counter/1/20,2485
counter/1/20,2486
counter/1/20,2487
counter/1/20,2488
counter/1/20,2489
counter/1/20,2490
counter/1/20,2491
counter/1/20,2492
counter/1/20,2493
counter/1/20,2494
counter/1/20,2495
counter/1/20,2496
counter/1/20,2497
counter/1/20,2498
counter/1/20,2499
counter/1/20,2500
counter/1/20,2501
counter/1/20,2502
counter/1/20,2503
counter/1/20,2504
counter/1/20,2505
counter/1/20,2506
counter/1/20,2507
counter/1/20,2508
counter/1/20,2509
counter/1/20,2510
counter/1/20,2511
counter/1/20,2512
counter/1/20,2513
counter/1/20,2514
counter/1/20,2515
counter/1/20,2516
counter/1/20,2517
counter/1/20,2518
counter/1/20,2519
counter/1/20,2520
counter/1/20,2521
counter/1/20,2522
counter/1/20,2523
counter/1/20,2524
counter/1/20,2525
counter/1/20,2526
counter/1/20,2527
counter/1/20,2528
counter/1/20,2529
counter/1/20,2530
counter/1/20,2531
counter/1/20,2532
counter/1/20,2533
counter/1/20,2534
counter/1/20,2535
counter/1/20,2536
counter/1/20,2537
counter/1/20,2538
counter/1/20,2539
counter/1/20,2540
counter/1/20,2541
counter/1/20,2542
counter/1/20,2543
counter/1/20,2544
counter/1/20,2545
counter/1/20,2546
counter/1/20,2547
counter/1/20,2548
counter/1/20,2549
counter/1/20,2550
counter/1/20,2551
counter/1/20,2552
counter/1/20,2553
counter/1/20,2554
counter/1/20,2555
counter/1/20,2556
counter/1/20,2557
counter/1/20,2558
counter/1/20,2559
counter/1/20,2560
counter/1/20,2561
counter/1/20,2562
counter/1/20,2563
counter/1/20,2564
counter/1/20,2565
counter/1/20,2566
counter/1/20,2567
counter/1/20,2568
counter/1/20,2569
counter/1/20,2570
counter/1/20,2571
counter/1/20,2572
counter/1/20,2573
counter/1/20,2574
counter/1/20,2575
counter/1/20,2576
counter/1/20,2577
counter/1/20,2578
counter/1/20,2579
counter/1/20,2580
counter/1/20,2581
counter/1/20,2582
counter/1/20,2583
counter/1/20,2584
counter/1/20,2585
counter/1/20,2586
counter/1/20,2587
counter/1/20,2588
counter/1/20,2589
counter/1/20,2590
counter/1/20,2591
counter/1/20,2592
counter/1/20,2593
counter/1/20,2594
counter/1/20,2595
counter/1/20,2596
counter/1/20,2597
counter/1/20,2598
counter/1/20,2599
counter/1/20,2600
counter/1/20,2601
counter/1/20,2602
counter/1/20,2603
counter/1/20,2604
counter/1/20,2605
counter/1/20,2606
counter/1/20,2607
counter/1/20,2608
counter/1/20,2609
counter/1/20,2610
counter/1/20,2611
counter/1/20,2612
counter/1/20,2613
counter/1/20,2614
counter/1/20,2615
counter/1/20,2616
counter/1/20,2617
counter/1/20,2618
counter/1/20,2619
counter/1/20,2620
counter/1/20,2621
counter/1/20,2622
counter/1/20,2623
counter/1/20,2624
counter/1/20,2625
counter/1/20,2626
counter/1/20,2627
counter/1/20,2628
counter/1/20,2629
counter/1/20,2630
counter/1/20,2631
counter/1/20,2632
counter/1/20,2633
counter/1/20,2634
counter/1/20,2635
counter/1/20,2636
counter/1/20,2637
counter/1/20,2638
counter/1/20,2639
counter/1/20,2640
counter/1/20,2641
counter/1/20,2642
counter/1/20,2643
counter/1/20,2644
counter/1/20,2645
counter/1/20,2646
counter/1/20,2647
counter/1/20,2648
counter/1/20,2649
counter/1/20,2650
counter/1/20,2651
counter/1/20,2652
counter/1/20,2653
counter/1/20,2654
counter/1/20,2655
counter/1/20,2656
counter/1/20,2657
counter/1/20,2658
counter/1/20,2659
counter/1/20,2660
counter/1/20,2661
counter/1/20,2662
counter/1/20,2663
counter/1/20,2664
counter/1/20,2665
counter/1/20,2666
counter/1/20,2667
counter/1/20,2668
counter/1/20,2669
counter/1/20,2670
counter/1/20,2671
counter/1/20,2672
counter/1/20,2673
counter/1/20,2674
counter/1/20,2675
counter/1/20,2676
counter/1/20,2677
counter/1/20,2678
counter/1/20,2679
counter/1/20,2680
counter/1/20,2681
counter/1/20,2682
counter/1/20,2683
counter/1/20,2684
counter/1/20,2685
counter/1/20,2686
counter/1/20,2687
counter/1/20,2688
counter/1/20,2689
counter/1/20,2690
counter/1/20,2691
counter/1/20,2692
counter/1/20,2693
counter/1/20,2694
counter/1/20,2695
counter/1/20,2696
counter/1/20,2697
counter/1/20,2698
counter/1/20,2699
counter/1/20,2700
counter/1/20,2701
counter/1/20,2702
counter/1/20,2703
counter/1/20,2704
counter/1/20,2705
counter/1/20,2706
counter/1/20,2707
counter/1/20,2708
counter/1/20,2709
counter/1/20,2710
counter/1/20,2711
counter/1/20,2712
counter/1/20,2713
counter/1/20,2714
counter/1/20,2715
counter/1/20,2716
counter/1/20,2717
counter/1/20,2718
counter/1/20,2719
counter/1/20,2720
counter/1/20,2721
counter/1/20,2722
counter/1/20,2723
counter/1/20,2724
counter/1/20,2725
counter/1/20,2726
counter/1/20,2727
counter/1/20,2728
counter/1/20,2729
counter/1/20,2730
counter/1/20,2731
counter/1/20,2732
counter/1/20,2733
counter/1/20,2734
counter/1/20,2735
counter/1/20,2736
counter/1/20,2737
counter/1/20,2738
counter/1/20,2739
counter/1/20,2740
counter/1/20,2741
counter/1/20,2742
counter/1/20,2743
counter/1/20,2744
counter/1/20,2745
counter/1/20,2746
counter/1/20,2747
counter/1/20,2748
counter/1/20,2749
counter/1/20,2750
counter/1/20,2751
counter/1/20,2752
counter/1/20,2753
counter/1/20,2754
counter/1/20,2755
counter/1/20,2756
counter/1/20,2757
counter/1/20,2758
counter/1/20,2759
counter/1/20,2760
counter/1/20,2761
counter/1/20,2762
counter/1/20,2763
counter/1/20,2764
counter/1/20,2765
counter/1/20,2766
counter/1/20,2767
counter/1/20,2768
counter/1/20,2769
counter/1/20,2770
counter/1/20,2771
counter/1/20,2772
counter/1/20,2773
counter/1/20,2774
counter/1/20,2775
counter/1/20,2776
counter/1/20,2777
counter/1/20,2778
counter/1/20,2779
counter/1/20,2780
counter/1/20,2781
counter/1/20,2782
counter/1/20,2783
counter/1/20,2784
counter/1/20,2785
counter/1/20,2786
counter/1/20,2787
counter/1/20,2788
counter/1/20,2789
counter/1/20,2790
counter/1/20,2791
counter/1/20,2792
counter/1/20,2793
counter/1/20,2794
counter/1/20,2795
counter/1/20,2796
counter/1/20,2797
counter/1/20,2798
counter/1/20,2799
counter/1/20,2800
counter/1/20,2801
counter/1/20,2802
counter/1/20,2803
counter/1/20,2804
counter/1/20,2805
counter/1/20,2806
counter/1/20,2807
counter/1/20,2808
counter/1/20,2809
counter/1/20,2810
counter/1/20,2811
counter/1/20,2812
counter/1/20,2813
counter/1/20,2814
counter/1/20,2815
counter/1/20,2816
counter/1/20,2817
counter/1/20,2818
counter/1/20,2819
counter/1/20,2820
counter/1/20,2821
counter/1/20,2822
counter/1/20,2823
counter/1/20,2824
counter/1/20,2825
counter/1/20,2826
counter/1/20,2827
counter/1/20,2828
counter/1/20,2829
counter/1/20,2830
counter/1/20,2831
counter/1/20,2832
counter/1/20,2833
counter/1/20,2834
counter/1/20,2835
counter/1/20,2836
counter/1/20,2837
counter/1/20,2838
counter/1/20,2839
counter/1/20,2840
counter/1/20,2841
counter/1/20,2842
counter/1/20,2843
counter/1/20,2844
counter/1/20,2845
counter/1/20,2846
counter/1/20,2847
counter/1/20,2848
counter/1/20,2849
counter/1/20,2850
counter/1/20,2851
counter/1/20,2852
counter/1/20,2853
counter/1/20,2854
counter/1/20,2855
counter/1/20,2856
counter/1/20,2857
counter/1/20,2858
counter/1/20,2859
counter/1/20,2860
counter/1/20,2861
counter/1/20,2862
counter/1/20,2863
counter/1/20,2864
counter/1/20,2865
counter/1/20,2866
counter/1/20,2867
counter/1/20,2868
counter/1/20,2869
counter/1/20,2870
counter/1/20,2871
counter/1/20,2872
counter/1/20,2873
counter/1/20,2874
counter/1/20,2875
counter/1/20,2876
counter/1/20,2877
counter/1/20,2878
counter/1/20,2879
counter/1/20,2880
counter/1/20,2881
counter/1/20,2882
counter/1/20,2883
counter/1/20,2884
counter/1/20,2885
counter/1/20,2886
counter/1/20,2887
counter/1/20,2888
counter/1/20,2889
counter/1/20,2890
counter/1/20,2891
counter/1/20,2892
counter/1/20,2893
counter/1/20,2894
counter/1/20,2895
counter/1/20,2896
counter/1/20,2897
counter/1/20,2898
counter/1/20,2899
counter/1/20,2900
counter/1/20,2901
counter/1/20,2902
counter/1/20,2903
counter/1/20,2904
counter/1/20,2905
counter/1/20,2906
counter/1/20,2907
counter/1/20,2908
counter/1/20,2909
counter/1/20,2910
counter/1/20,2911
counter/1/20,2912
counter/1/20,2913
counter/1/20,2914
counter/1/20,2915
